category,term,coef,se,t,p,ci_lo,ci_hi,n,n_clusters,r2,q
help,intercept,-0.01977469984425501,0.026646957406614182,-0.7420997280292356,0.45802691461063494,-0.07200177665879165,0.032452376970281624,8826,224,0.0018807225157106977,
help,I_denial,0.0848257776504355,0.07815806906815281,1.0853105592522831,0.27778413072844277,-0.06836122282433804,0.23801277812520905,8826,224,0.0018807225157106977,0.42851970554232643
help,I_hedging,-0.04065244877376388,0.026252692573810098,-1.5485058783767993,0.12150054753448361,-0.0921067807156338,0.010801883168106048,8826,224,0.0018807225157106977,0.21396999079081627
help,I_denial:I_hedging,-0.033449887442314724,0.08086332396471946,-0.4136595653291331,0.6791234435709457,-0.19193909008335952,0.12503931519873007,8826,224,0.0018807225157106977,0.8254264466186968
office,intercept,-0.0857021007853898,0.021744664487466918,-3.9412933151848053,8.104345048857676e-05,-0.12832086003673207,-0.043083341534047526,8826,224,0.009036531022923677,
office,I_denial,0.20856919303227975,0.06530998910061364,3.193526685649379,0.0014054634680308355,0.08056396656437353,0.33657441950018596,8826,224,0.009036531022923677,0.008740225941816757
office,I_hedging,0.048744768240688054,0.030946835803498052,1.5751131569702588,0.11523032764203751,-0.011909915369642796,0.1093994518510189,8826,224,0.009036531022923677,0.20677148637385454
office,I_denial:I_hedging,-0.07135736007922455,0.0731575922119648,-0.9753924086576783,0.32936564780753586,-0.2147436060103435,0.0720288858518944,8826,224,0.009036531022923677,0.60131893498807
dance,intercept,0.09387908258348776,0.03823099895263064,2.4555749301713714,0.01406594254747438,0.018947701543343173,0.16881046362363233,8826,224,0.00927739810556849,
dance,I_denial,-0.1667937709226354,0.04289599524251619,-3.888329667598397,0.00010093646838067074,-0.2508683766789686,-0.08271916516630216,8826,224,0.00927739810556849,0.0011815504239854988
dance,I_hedging,-0.1293989128403317,0.04467974297134303,-2.8961427312445904,0.003777805319097009,-0.21696959990267067,-0.041828225777992736,8826,224,0.00927739810556849,0.016328916957801427
dance,I_denial:I_hedging,0.02457523995660211,0.05257981288307062,0.46738926232494676,0.6402214035128527,-0.07847929960807146,0.12762977952127566,8826,224,0.00927739810556849,0.8254264466186968
money,intercept,-0.009747399193423593,0.022845546808497007,-0.42666517352949573,0.6696232203057617,-0.054523848145201705,0.03502904975835452,8826,224,0.0013539311175357893,
money,I_denial,-0.003811244352878356,0.032050876791334816,-0.11891232735039414,0.9053448152472706,-0.06662980853682529,0.05900731983106858,8826,224,0.0013539311175357893,0.9383521783031608
money,I_hedging,-0.011903952097555535,0.03476966350320928,-0.3423660426410738,0.732075440126486,-0.08005124031842248,0.056243336123311415,8826,224,0.0013539311175357893,0.8161975351365731
money,I_denial:I_hedging,0.13057202981157737,0.049679848759794136,2.628269470845274,0.008582050210286157,0.03320131548498399,0.22794274413817073,8826,224,0.0013539311175357893,0.17078279918469452
wedding,intercept,-0.028180010813743505,0.024679766081182754,-1.1418264954800172,0.25352614674773377,-0.07655146347973493,0.02019144185224792,8826,224,0.0009401138584040902,
wedding,I_denial,0.036380509467402754,0.0408457062508889,0.8906813667008395,0.37310013388988894,-0.04367560370744205,0.11643662264224755,8826,224,0.0009401138584040902,0.5265739478304107
wedding,I_hedging,0.06295733512209509,0.047598585655871516,1.3226723915131497,0.18594434864780096,-0.030334178478457915,0.1562488487226481,8826,224,0.0009401138584040902,0.2913576988019771
wedding,I_denial:I_hedging,-0.01167711311631078,0.059255963697392874,-0.1970622429827185,0.8437788297565274,-0.12781666783241372,0.10446244159979215,8826,224,0.0009401138584040902,0.9095166837173003
domestic_work,intercept,-0.030255881377828878,0.029591514335896633,-1.0224512687789797,0.3065673657524026,-0.08825418372418697,0.02774242096852922,8826,224,0.0014930889284174853,
domestic_work,I_denial,0.08781417262566521,0.040433863204405965,2.171797737498809,0.029870922423155578,0.008565256989210221,0.16706308826212019,8826,224,0.0014930889284174853,0.08255991058622167
domestic_work,I_hedging,0.003579956940174117,0.042782722728024844,0.08367763227535456,0.9333127416201631,-0.08027263876731779,0.08743255264766601,8826,224,0.0014930889284174853,0.9623276455047277
domestic_work,I_denial:I_hedging,-0.04610948178246296,0.05461183095836754,-0.8443130540269524,0.39849449337320686,-0.15314670359065288,0.060927740025726956,8826,224,0.0014930889284174853,0.6531439595619416
sleep,intercept,0.018778670797930077,0.029133683476185227,0.6445690540051464,0.5192064944816838,-0.03832229955238266,0.0758796411482428,8826,224,0.0014502674099237112,
sleep,I_denial,6.450018124933151e-05,0.040137520716703096,0.001606979706210154,0.9987178162547399,-0.07860359485221903,0.07873259521471769,8826,224,0.0014502674099237112,0.9987178162547399
sleep,I_hedging,-0.11161271141775368,0.03901608965309148,-2.86068420516124,0.0042272789628917794,-0.18808284195539882,-0.035142580880108534,8826,224,0.0014502674099237112,0.01722406479425912
sleep,I_denial:I_hedging,0.07534936209903964,0.05473156478137614,1.3767076165284287,0.16860266297206572,-0.03192253368997844,0.18262125788805772,8826,224,0.0014502674099237112,0.40916987721269604
medical_emergency,intercept,-0.019899197002087116,0.019430602455389467,-1.0241163158874507,0.30578033880510525,-0.057982478012566015,0.018184084008391783,8826,224,0.0022904368880084514,
medical_emergency,I_denial,0.07768250183209909,0.03336701298564936,2.3281227440259378,0.019905586923427053,0.012284358108546042,0.14308064555565214,8826,224,0.0022904368880084514,0.06638354336585443
medical_emergency,I_hedging,-0.065460834124971,0.027967482885415167,-2.340605137515194,0.019252516847431473,-0.12027609331862507,-0.010645574931316924,8826,224,0.0022904368880084514,0.05079729004585208
medical_emergency,I_denial:I_hedging,0.04898774258996884,0.046558451293994045,1.0521772358928994,0.2927182415835793,-0.042265145122221764,0.14024063030215944,8826,224,0.0022904368880084514,0.5650911012602932
cold,intercept,-0.013858083578894429,0.028173981718212223,-0.49187522436476516,0.6228075539128021,-0.0690780730476803,0.04136190588989144,8826,224,0.007500252392324436,
cold,I_denial,0.13360859015975685,0.04927151744626202,2.7116800351334227,0.006694317683362352,0.03703819050144634,0.23017898981806734,8826,224,0.007500252392324436,0.02718712691814506
cold,I_hedging,-0.0705703885581522,0.04062935138678688,-1.7369312122738558,0.08239931333984553,-0.15020245399147697,0.009061676875172578,8826,224,0.007500252392324436,0.16235112232306198
cold,I_denial:I_hedging,-0.19803012087758734,0.06126527815746894,-3.232338558368974,0.00122781492038494,-0.3181078595690549,-0.07795238218611977,8826,224,0.007500252392324436,0.08133442433346645
hate,intercept,0.018713463682467985,0.026760017004638193,0.6993068681243537,0.4843602757491864,-0.03373520587230229,0.07116213323723826,8826,224,0.001927398842162975,
hate,I_denial,-0.07741117165059608,0.03345561168585367,-2.3138471470042954,0.020676108144159353,-0.14298296563562662,-0.011839377665565531,8826,224,0.001927398842162975,0.0674515659129133
hate,I_hedging,0.05578505284703467,0.04748099310693848,1.17489229261472,0.24003780953094678,-0.037275983592759306,0.14884608928682866,8826,224,0.001927398842162975,0.3538335118270993
hate,I_denial:I_hedging,-0.01738719080260242,0.054463536311508104,-0.31924461722711384,0.7495410259724992,-0.12413376044384777,0.08935937883864292,8826,224,0.001927398842162975,0.8825472006707871
cheerfulness,intercept,0.04760045919922234,0.029098623004001515,1.6358320183287207,0.10187474893810405,-0.009431793888329348,0.10463271228677402,8826,224,0.0026640846548102726,
cheerfulness,I_denial,-0.07999377992310522,0.043817175275925095,-1.8256261253576744,0.06790659777391594,-0.16587386536819732,0.005886305521986879,8826,224,0.0026640846548102726,0.15356151087510536
cheerfulness,I_hedging,-0.06061169801236336,0.03604003659328358,-1.681787915377948,0.09260997289955494,-0.1312488717367048,0.010025475711978087,8826,224,0.0026640846548102726,0.17892606414574208
cheerfulness,I_denial:I_hedging,-0.015282615087690259,0.048755328979181785,-0.31345527571387816,0.7539347945428835,-0.11084130394128855,0.08027607376590803,8826,224,0.0026640846548102726,0.8825472006707871
aggression,intercept,0.033038527449602485,0.02797724147195974,1.1809072557319646,0.23763956863151203,-0.021795858222218974,0.08787291312142395,8826,224,0.001176467791751401,
aggression,I_denial,-0.055284014985019614,0.0369645745295674,-1.495594516874495,0.13475935288261276,-0.12773324976681832,0.017165219796779096,8826,224,0.001176467791751401,0.2506272076975695
aggression,I_hedging,-0.09453613160699124,0.04166863985074031,-2.268759718234759,0.023282941813446454,-0.1762051649992127,-0.012867098214769779,8826,224,0.001176467791751401,0.05791631776094805
aggression,I_denial:I_hedging,0.10572822322595345,0.056464600497171516,1.8724691628917076,0.061141724282354454,-0.004940360149945158,0.21639680660185207,8826,224,0.001176467791751401,0.2896953126711556
occupation,intercept,-0.0033404165885965393,0.023262645689793453,-0.14359572995870182,0.8858197127108887,-0.04893436432570763,0.04225353114851455,8826,224,0.0007837285117852089,
occupation,I_denial,0.018135746794385968,0.035254479034568874,0.5144239055866607,0.6069556491882494,-0.05096176240709144,0.08723325599586337,8826,224,0.0007837285117852089,0.7022335708631491
occupation,I_hedging,-0.055518080763791305,0.030105414216720857,-1.8441228001093568,0.06516524582391277,-0.11452360836822431,0.0034874468406416934,8826,224,0.0007837285117852089,0.13098872645412768
occupation,I_denial:I_hedging,0.08923746514044906,0.05026968684457657,1.775174478734128,0.07586908232621882,-0.009289310589027974,0.1877642408699261,8826,224,0.0007837285117852089,0.30173217813290987
envy,intercept,0.03786405381133057,0.02084059419622051,1.8168413748105754,0.06924140547447655,-0.0029827602296761055,0.07871086785233725,8826,224,0.0014360685595264933,
envy,I_denial,-0.0871131222541063,0.028019373800048767,-3.1090317319637846,0.0018770155805995883,-0.1420300857715671,-0.03219615873664553,8826,224,0.0014360685595264933,0.010375725014981057
envy,I_hedging,-0.054474103351895724,0.036030071736579516,-1.5119066026335692,0.13055762413067068,-0.1250917463159861,0.016143539612194648,8826,224,0.0014360685595264933,0.22592145393046492
envy,I_denial:I_hedging,0.08686793783231538,0.04748609756678808,1.8293341058430346,0.06734957236012708,-0.006203103164944351,0.1799389788295751,8826,224,0.0014360685595264933,0.2971693179479986
anticipation,intercept,0.0636960568567645,0.02574648738150386,2.473970756202005,0.013362063388114883,0.01323386886060196,0.11415824485292703,8826,224,0.006695210328003687,
anticipation,I_denial,-0.15354122093091296,0.03377452494508094,-4.546066041804545,5.465789237327384e-06,-0.21973807341822124,-0.08734436844360469,8826,224,0.006695210328003687,0.00021514143636574244
anticipation,I_hedging,0.0058519315285048955,0.04703498583519574,0.12441656831808721,0.9009854556514194,-0.08633494672183034,0.09803880977884014,8826,224,0.006695210328003687,0.9387230663593322
anticipation,I_denial:I_hedging,-0.04629658866745313,0.05437943685073277,-0.8513620469173592,0.39456826774901443,-0.15287832639445958,0.060285149059553324,8826,224,0.006695210328003687,0.6531439595619416
family,intercept,-0.030227459019000834,0.024229718963387156,-1.2475365093865387,0.2122008420322964,-0.07771683554276683,0.017261917504765162,8826,224,0.0026015459615803538,
family,I_denial,0.0632186887905638,0.04571120477861496,1.3830020253620476,0.1666642448705341,-0.026373626265456737,0.15281100384658436,8826,224,0.0026015459615803538,0.29662375730202123
family,I_hedging,-0.02575315042689585,0.035630627603860494,-0.7227812743917414,0.469814273557833,-0.0955878972770211,0.0440815964232294,8826,224,0.0026015459615803538,0.5923523007209854
family,I_denial:I_hedging,0.10822531141511163,0.054063485160104154,2.0018189928860872,0.045304202487122004,0.0022628276225918065,0.21418779520763145,8826,224,0.0026015459615803538,0.26102207486465734
vacation,intercept,0.025342866783704093,0.03984919686933787,0.6359693237181467,0.5247964165891363,-0.05276012389304441,0.1034458574604526,8826,224,0.001095005175352104,
vacation,I_denial,-0.019794197872521097,0.04847726445840869,-0.4083192006327755,0.6830393446715477,-0.11480789028002575,0.07521949453498356,8826,224,0.001095005175352104,0.7604954216647322
vacation,I_hedging,-0.08842750518592776,0.0384886102758869,-2.297498001410759,0.021590376947714016,-0.16386379514166433,-0.0129912152301912,8826,224,0.001095005175352104,0.054385886235380876
vacation,I_denial:I_hedging,0.03475034063710714,0.0488045286684947,0.712031067304209,0.47644553813556545,-0.060904777835595024,0.1304054591098093,8826,224,0.001095005175352104,0.7407239225701369
crime,intercept,-0.020266145341697923,0.019393741311769127,-1.0449837922401994,0.29603046046612647,-0.058277179838251994,0.017744889154856152,8826,224,0.0014924964488735037,
crime,I_denial,0.019529066502933252,0.03074729762229468,0.6351474117443363,0.5253322775428378,-0.04073452945869836,0.07979266246456486,8826,224,0.0014924964488735037,0.6297658025965346
crime,I_hedging,0.006165728351222846,0.028935663539517414,0.21308404912858886,0.8312614058992401,-0.05054713005500007,0.06287858675744576,8826,224,0.0014924964488735037,0.8941676744537772
crime,I_denial:I_hedging,0.10299466132257165,0.04590090364543115,2.243848228308757,0.024842168137974536,0.013030543319683313,0.19295877932546,8826,224,0.0014924964488735037,0.25041822246503714
attractive,intercept,0.06236061101360338,0.029808640362357103,2.092031379343068,0.0364357087618635,0.003936749475276467,0.12078447255193028,8826,224,0.003883967533044208,
attractive,I_denial,-0.13017494610827404,0.042582750085542256,-3.056987767271311,0.002235733997960406,-0.21363560263860676,-0.04671428957794131,8826,224,0.003883967533044208,0.011708185936687389
attractive,I_hedging,-0.07465354921029155,0.03866192827944937,-1.9309318632711192,0.05349147915976419,-0.15042953621088295,0.0011224377902998434,8826,224,0.003883967533044208,0.11324259949779866
attractive,I_denial:I_hedging,0.06126456956514887,0.052711366536110964,1.162264869820409,0.24512789176859318,-0.04204781042151844,0.16457694955181618,8826,224,0.003883967533044208,0.5081296923119796
masculine,intercept,0.018403809957580425,0.024652002516487494,0.7465442186804817,0.45533873039335593,-0.029913227121525846,0.0667208470366867,8826,224,0.0006455314063174011,
masculine,I_denial,-0.05462213064753153,0.03980587038260442,-1.372212945540866,0.16999715656529601,-0.13264020297070583,0.023395941675642754,8826,224,0.0006455314063174011,0.29662375730202123
masculine,I_hedging,-0.030742221748351437,0.03640062042689046,-0.8445521364147145,0.3983609423429473,-0.10208612679996976,0.04060168330326688,8826,224,0.0006455314063174011,0.5284921835083101
masculine,I_denial:I_hedging,0.09622548139135846,0.0531423966923755,1.8107102310115462,0.07018571830932631,-0.007931702177838007,0.20038266496055493,8826,224,0.0006455314063174011,0.2971693179479986
prison,intercept,-0.0038254496194766036,0.021364369234332065,-0.17905745671766388,0.8578925866868498,-0.045698843871183024,0.03804794463222982,8826,224,0.0005503860791131743,
prison,I_denial,0.03204589294217422,0.028045672574315558,1.142632356462797,0.25319126553686755,-0.022922615225687018,0.08701440111003546,8826,224,0.0005503860791131743,0.39673277040816257
prison,I_hedging,-0.04491521766464168,0.028543003273990685,-1.5735981681216389,0.1155803770359296,-0.10085847609227228,0.011028040762988911,8826,224,0.0005503860791131743,0.20677148637385454
prison,I_denial:I_hedging,0.019663718102349736,0.03726901164599157,0.5276157653208023,0.597766048518001,-0.05338220246319758,0.09270963866789705,8826,224,0.0005503860791131743,0.7988159261846325
health,intercept,-0.06529487985579317,0.017353033809058418,-3.7627357022556334,0.00016806478741655757,-0.09930620114405359,-0.03128355856753277,8826,224,0.005059861242528663,
health,I_denial,0.10058113440158103,0.03375823610338494,2.9794546756989995,0.002887619461511966,0.034416207457346776,0.1667460613458153,8826,224,0.005059861242528663,0.01368181602002098
health,I_hedging,0.0989801960940509,0.04159631023626495,2.3795426933746855,0.017334134913123248,0.01745292614121681,0.180507466046885,8826,224,0.005059861242528663,0.04725332668097982
health,I_denial:I_hedging,0.01871906957373271,0.0674110968276582,0.27768528409483517,0.7812539580894968,-0.11340425236681964,0.15084239151428505,8826,224,0.005059861242528663,0.8986678477445658
pride,intercept,0.03584376605271859,0.02477056975657856,1.4470303430626266,0.14788842540541974,-0.012705658546712476,0.08439319065214966,8826,224,0.0016888697241622674,
pride,I_denial,-0.07018684811206537,0.039010107291680356,-1.7991964899577204,0.07198760449693675,-0.1466452534368022,0.006271557212671475,8826,224,0.0016888697241622674,0.15917259216544904
pride,I_hedging,-0.024164874452989732,0.036441374255464044,-0.6631164424148037,0.5072559807871022,-0.09558865554084439,0.04725890663486493,8826,224,0.0016888697241622674,0.6080960251604418
pride,I_denial:I_hedging,-0.023444624208364927,0.05030848643024634,-0.4660172839998146,0.6412031289007989,-0.12204744572836979,0.07515819731163992,8826,224,0.0016888697241622674,0.8254264466186968
dispute,intercept,-0.07210538251650307,0.019297411985854503,-3.7365312286102492,0.00018657628679102396,-0.10992761500360945,-0.034283150029396685,8826,224,0.008287450617569192,
dispute,I_denial,0.09043311714906935,0.040246795712032275,2.246964399256094,0.024642302407722357,0.01155084706034501,0.16931538723779369,8826,224,0.008287450617569192,0.07430027544146589
dispute,I_hedging,0.10614512419420108,0.038755495106278126,2.738840618681873,0.006165625528519147,0.030185749582877633,0.18210449880552454,8826,224,0.008287450617569192,0.022308354185005642
dispute,I_denial:I_hedging,0.10247424180584035,0.055432197655110815,1.848641153349479,0.06450964613411773,-0.0061708691820824835,0.21111935279376318,8826,224,0.008287450617569192,0.292976973048046
nervousness,intercept,-0.01206928110429424,0.027636720151527506,-0.43671177470120887,0.6623203888646745,-0.0662362572521005,0.04209769504351202,8826,224,0.006725381362815641,
nervousness,I_denial,-0.04710413298171771,0.03707596470467178,-1.270476260211304,0.2039150339073429,-0.11977168849495262,0.0255634225315172,8826,224,0.006725381362815641,0.34100077098790954
nervousness,I_hedging,0.21469276714179536,0.08686320460834135,2.471619232905652,0.013450269026797133,0.044444014527712655,0.3849415197558781,8826,224,0.006725381362815641,0.04055459903534287
nervousness,I_denial:I_hedging,-0.1973186921392322,0.08440600669676789,-2.337732820936641,0.019401112456212854,-0.3627514253437438,-0.03188595893472054,8826,224,0.006725381362815641,0.25041822246503714
government,intercept,-0.015211919829905518,0.02571283993300434,-0.5916079231053699,0.5541131670449184,-0.06560816003883732,0.03518432037902629,8826,224,0.0016076778170571737,
government,I_denial,0.026004901890272453,0.04365921600147601,0.5956337349116231,0.5514199350776693,-0.05956558906587535,0.11157539284642025,8826,224,0.0016076778170571737,0.6493051306535869
government,I_hedging,-0.03589242653933743,0.0402577641935689,-0.8915653230705538,0.3726259638749716,-0.11479619445683864,0.04301134137816379,8826,224,0.0016076778170571737,0.5010308568318875
government,I_denial:I_hedging,0.12672980015009072,0.06087348837302816,2.081855394478135,0.03735568015242823,0.0074199553256378,0.24603964497454364,8826,224,0.0016076778170571737,0.25633725345976616
weakness,intercept,0.0717844654616149,0.040800306544624174,1.759409954018426,0.07850790243662915,-0.008182665924042334,0.15175159684727213,8826,224,0.008215423703765157,
weakness,I_denial,-0.06486389922063321,0.047693761653654694,-1.3600080381930368,0.17382738022525746,-0.15834195434903392,0.02861415590776749,8826,224,0.008215423703765157,0.2982038678002262
weakness,I_hedging,-0.25614231646021923,0.0466375878487206,-5.492186201633624,3.969885099357364e-08,-0.3475503089695345,-0.16473432395090398,8826,224,0.008215423703765157,1.5717910825114264e-06
weakness,I_denial:I_hedging,0.14295005872096594,0.061049986991633755,2.3415248022993964,0.019205149863368902,0.023294282960724985,0.2626058344812069,8826,224,0.008215423703765157,0.25041822246503714
horror,intercept,0.03198041071845706,0.026434159343393902,1.2098137982378927,0.22635035033484008,-0.01982958955618795,0.08379041099310207,8826,224,0.001260174888066512,
horror,I_denial,-0.06241062746426938,0.035787740535604316,-1.7439108066120752,0.0811746439543317,-0.132553310002118,0.007732055073579255,8826,224,0.001260174888066512,0.17184844837140434
horror,I_hedging,-0.025782240973666295,0.03815674094827696,-0.6756929531433303,0.4992356109779963,-0.10056807899971384,0.04900359705238125,8826,224,0.001260174888066512,0.6038681280267226
horror,I_denial:I_hedging,-0.012252024734970172,0.05327479947578721,-0.22997786674989884,0.8181089685604639,-0.11666871299110645,0.09216466352116612,8826,224,0.001260174888066512,0.9095166837173003
swearing_terms,intercept,0.008180409381923874,0.018588030165724547,0.4400901714162356,0.6598718001863975,-0.02825146028644033,0.04461227905028808,8826,224,8.012812560487248e-05,
swearing_terms,I_denial,-0.010168537912145666,0.03386661638941736,-0.3002525494493489,0.7639845243560067,-0.07654588631363762,0.056208810489346284,8826,224,8.012812560487248e-05,0.8217995694424072
swearing_terms,I_hedging,-0.01973960505979457,0.021294476568730045,-0.9269824029758621,0.3539356708260344,-0.06147601220413752,0.02199680208454839,8826,224,8.012812560487248e-05,0.4886855377409088
swearing_terms,I_denial:I_hedging,0.005238054155162064,0.038833353829709184,0.13488544353217125,0.892702448743515,-0.07087392074996851,0.08135002906029265,8826,224,8.012812560487248e-05,0.934988354210313
leisure,intercept,0.007792611668215701,0.028599535257492526,0.2724733670689347,0.7852580668450018,-0.04826144741105311,0.06384667074748451,8826,224,0.0006542616923348454,
leisure,I_denial,-0.030990792154233622,0.045814932353768455,-0.6764343099959748,0.498764939802105,-0.12078640952175868,0.05880482521329144,8826,224,0.0006542616923348454,0.6126803890161661
leisure,I_hedging,0.042476362793983924,0.03667362461756737,1.1582264703019547,0.2467716288041878,-0.02940262063898963,0.11435534622695748,8826,224,0.0006542616923348454,0.3610849568531866
leisure,I_denial:I_hedging,-0.054739552206261394,0.052306587187661804,-1.0465135492375133,0.29532399261844466,-0.15725857924828276,0.04777947483575998,8826,224,0.0006542616923348454,0.5650911012602932
suffering,intercept,0.031831078325742265,0.029191912276411696,1.0904074397162096,0.275533706097275,-0.025384018375877324,0.08904617502736185,8826,224,0.0012911446170834617,
suffering,I_denial,-0.07027272998430127,0.03880808121860565,-1.8107756884050896,0.070175581096761,-0.14633517148187364,0.005789711513271095,8826,224,0.0012911446170834617,0.15690944537365661
suffering,I_hedging,-0.016753628715045328,0.03934775200487756,-0.4257836308658381,0.6702655157555173,-0.09387380551721905,0.0603665480871284,8826,224,0.0012911446170834617,0.7688053216650191
suffering,I_denial:I_hedging,-0.0025648138527008795,0.05181757581928439,-0.049496986536880026,0.9605232386533336,-0.10412539622467186,0.0989957685192701,8826,224,0.0012911446170834617,0.9725559432660374
royalty,intercept,0.030242134158145043,0.022748051408724636,1.32943844792553,0.18370336025822642,-0.014343227321420883,0.07482749563771096,8826,224,0.0011270043045686906,
royalty,I_denial,-0.04165963448743256,0.03964437757528665,-1.050833359870989,0.29333513127809163,-0.11936118672450174,0.03604191774963663,8826,224,0.0011270043045686906,0.4456006956056507
royalty,I_hedging,-0.054534959862810095,0.03953133597892328,-1.379537486208061,0.16772909669316705,-0.13201495464225216,0.022945034916631968,8826,224,0.0011270043045686906,0.27136658733284746
royalty,I_denial:I_hedging,-0.007095429201315949,0.05617059738184258,-0.12631927613448493,0.8994791983298616,-0.11718777705982726,0.10299691865719536,8826,224,0.0011270043045686906,0.9355274219994777
wealthy,intercept,0.033631420106104634,0.02795032323039057,1.2032569294059887,0.2288769107257126,-0.0211502067817141,0.08841304699392337,8826,224,0.0011830262391440138,
wealthy,I_denial,-0.07861463577505463,0.03427904058554765,-2.293373280937135,0.021826523551520545,-0.14580032074731483,-0.011428950802794435,8826,224,0.0011830262391440138,0.0696747020815484
wealthy,I_hedging,-0.05686631285355998,0.03297176264089741,-1.7246973864546846,0.08458202229764014,-0.12148978013652217,0.0077571544294022035,8826,224,0.0011830262391440138,0.16501786703167048
wealthy,I_denial:I_hedging,0.10059199731370264,0.044215824404996,2.2750225437917337,0.02290457750062113,0.013930573933163312,0.18725342069424195,8826,224,0.0011830262391440138,0.25041822246503714
tourism,intercept,-0.046872756681082206,0.024883205206200073,-1.883710570750872,0.05960413579609334,-0.09564294270515392,0.001897429342989504,8826,224,0.004156835385548563,
tourism,I_denial,0.1192275149921929,0.03790755906690179,3.1452174164464726,0.001659634413220892,0.044930064479240625,0.1935249655051452,8826,224,0.004156835385548563,0.009943401385634548
tourism,I_hedging,-0.0194571410071066,0.035359390092632954,-0.5502680039484179,0.5821355665115446,-0.0887602721039696,0.04984599008975639,8826,224,0.004156835385548563,0.6854732410402212
tourism,I_denial:I_hedging,0.04531556986934158,0.06121363220866334,0.7402855905506655,0.45912672241673746,-0.07466094462251963,0.16529208436120277,8826,224,0.004156835385548563,0.7194190374876438
furniture,intercept,-0.06843874587203405,0.03459095867401217,-1.978515441477237,0.04787058835547182,-0.1362357790638113,-0.0006417126802568118,8826,224,0.005885635584605975,
furniture,I_denial,0.1615673647415858,0.051754440168054146,3.121806828881797,0.0017974483603498384,0.06013052597216659,0.26300420351100506,8826,224,0.005885635584605975,0.010219777820274795
furniture,I_hedging,0.034560197621362115,0.053439308693078134,0.6467186508690487,0.5178140499444617,-0.07017892277578926,0.13929931801851347,8826,224,0.005885635584605975,0.6170359038260352
furniture,I_denial:I_hedging,-0.029164208854015695,0.06379102312571504,-0.4571835883011446,0.6475390935388252,-0.15419231671737887,0.0958638990093475,8826,224,0.005885635584605975,0.8254264466186968
school,intercept,-0.05528083880593973,0.024975712191798363,-2.2133838819656604,0.026871190930862085,-0.10423233519010246,-0.006329342421777004,8826,224,0.004302288765248075,
school,I_denial,0.12219272197056921,0.04170853160291671,2.92968170478637,0.0033930936828290843,0.04044550218080181,0.2039399417603366,8826,224,0.004302288765248075,0.015702921927511344
school,I_hedging,0.017974284024250973,0.044720055557944755,0.40192892875460096,0.6877363318915826,-0.06967541425595102,0.10562398230445295,8826,224,0.004302288765248075,0.7820544574081424
school,I_denial:I_hedging,0.028752232324141567,0.06191945735927977,0.46434890663382916,0.642397789846094,-0.09260767404231039,0.15011213869059353,8826,224,0.004302288765248075,0.8254264466186968
magic,intercept,0.10884639346876065,0.042656601704537146,2.5516892841743477,0.010720207519535932,0.025240990424997972,0.19245179651252334,8826,224,0.01316583265944482,
magic,I_denial,-0.20561159083189326,0.04249210651127989,-4.838818493908085,1.3061325851124868e-06,-0.2888945892212418,-0.12232859244254475,8826,224,0.01316583265944482,6.498009610934622e-05
magic,I_hedging,-0.11905757629914787,0.0530132042320428,-2.245809851033034,0.02471619005885948,-0.22296154729901813,-0.015153605299277603,8826,224,0.01316583265944482,0.060722491626086866
magic,I_denial:I_hedging,0.003586449331656523,0.05636702350496258,0.06362672904558762,0.9492674481584042,-0.10689088665379282,0.11406378531710587,8826,224,0.01316583265944482,0.9725559432660374
beach,intercept,0.00034589814654355504,0.03034250524420681,0.011399788638401773,0.9909044816510522,-0.05912431933281951,0.059816115625906614,8826,224,0.004617579378242254,
beach,I_denial,0.08378219256961612,0.04671989046184516,1.7932874358521607,0.07292697534416549,-0.007787110097256786,0.17535149523648902,8826,224,0.004617579378242254,0.15947767135702126
beach,I_hedging,-0.1272846557221901,0.03765386201267987,-3.3803877987157662,0.0007238362180878904,-0.20108486914588353,-0.05348444229849669,8826,224,0.004617579378242254,0.004646561529015812
beach,I_denial:I_hedging,-0.02230269499521018,0.05366232215828815,-0.41561181287354193,0.6776940812230672,-0.12747891375224066,0.0828735237618203,8826,224,0.004617579378242254,0.8254264466186968
journalism,intercept,-0.056087706228136476,0.026443101659105385,-2.121071383803545,0.033915795676724175,-0.10791523311951438,-0.004260179336758568,8826,224,0.0039162244635781995,
journalism,I_denial,0.06770152733891471,0.03425448577539573,1.976428073766131,0.04810631456028181,0.0005639689101994971,0.13483908576762993,8826,224,0.0039162244635781995,0.119664457468701
journalism,I_hedging,0.13253707416690377,0.04941693730163505,2.6820171666631905,0.0073179704441543115,0.03568165682942512,0.22939249150438243,8826,224,0.0039162244635781995,0.02427126863977847
journalism,I_denial:I_hedging,-0.022342963140542814,0.058247257619584346,-0.3835882418098683,0.7012836562388781,-0.13650549027315437,0.09181956399206875,8826,224,0.0039162244635781995,0.8356613628235734
morning,intercept,-0.0212589381754218,0.025737435113543053,-0.8259928808615173,0.4088081302549159,-0.07170338405240274,0.029185507701559144,8826,224,0.0007166906791780114,
morning,I_denial,0.04170062113948667,0.03688318677457715,1.1306132898535244,0.2582178913989216,-0.03058909657374858,0.11399033885272192,8826,224,0.0007166906791780114,0.4014481280342609
morning,I_hedging,0.007025090675197722,0.042212865572543494,0.16642060613309914,0.8678259587194206,-0.0757106055312183,0.08976078688161374,8826,224,0.0007166906791780114,0.9235153250543567
morning,I_denial:I_hedging,0.02996359965461626,0.054579560052400736,0.5489893950381574,0.5830127276583128,-0.07701037234013025,0.13693757164936277,8826,224,0.0007166906791780114,0.7988159261846325
banking,intercept,0.001614754496883325,0.022308049274875747,0.07238438811868363,0.9422960086782008,-0.04210821864721801,0.045337727640984656,8826,224,0.0004767413815581767,
banking,I_denial,-0.02444569568240455,0.029850702265043254,-0.8189320125654714,0.4128252042237135,-0.08295199703511755,0.03406060567030844,8826,224,0.0004767413815581767,0.5539009767953487
banking,I_hedging,-0.003460007961406566,0.031896269771450825,-0.10847688416855227,0.9136174160599825,-0.0659755479546238,0.05905553203181067,8826,224,0.0004767413815581767,0.946926384353836
banking,I_denial:I_hedging,0.0813221513196805,0.04652328077683337,1.7479883181449125,0.08046605026110351,-0.009861803445557538,0.17250610608491854,8826,224,0.0004767413815581767,0.3079373846530692
social_media,intercept,-0.014403451145653837,0.019810153437433194,-0.7270741840109692,0.46718051242611247,-0.05323063841123525,0.024423736119927573,8826,224,0.0006727745477728142,
social_media,I_denial,0.050115811597617875,0.03098812073642957,1.61725882069066,0.10582242415859014,-0.010619788994362903,0.11085141218959865,8826,224,0.0006727745477728142,0.21271376169251957
social_media,I_hedging,-0.022935950047886806,0.03720432694286784,-0.6164860899945317,0.5375737496914763,-0.09585509092496095,0.04998319082918734,8826,224,0.0006727745477728142,0.6367689058845464
social_media,I_denial:I_hedging,0.00298872148198861,0.054530705443256305,0.05480804727711841,0.9562913892411249,-0.10388949723835603,0.10986694020233326,8826,224,0.0006727745477728142,0.9725559432660374
exercise,intercept,-0.00981508773925374,0.02087924781322752,-0.47008818646405637,0.6382920139942708,-0.05073766147746636,0.031107485998958878,8826,224,0.0038831599393411853,
exercise,I_denial,0.09687448569373013,0.04543033206485843,2.132374589633808,0.03297606460869467,0.007832671040912426,0.18591630034654782,8826,224,0.0038831599393411853,0.08867887644770593
exercise,I_hedging,-0.06267873746141037,0.029146446562991868,-2.1504761249693973,0.03151757252880587,-0.11980472300219566,-0.005552751920625064,8826,224,0.0038831599393411853,0.07378819921449845
exercise,I_denial:I_hedging,-0.12002619932381377,0.0562044777395388,-2.135527348551049,0.032717958714024956,-0.230184951463193,-0.009867447184434525,8826,224,0.0038831599393411853,0.25041822246503714
night,intercept,0.0033295177152487206,0.021212872667016602,0.15695741767335972,0.8752784078300831,-0.038246948720737944,0.04490598415123538,8826,224,0.0016309953793377518,
night,I_denial,0.0378478212102227,0.0394911644212819,0.9583870661921126,0.33786761471648197,-0.0395534387630394,0.11524908118348479,8826,224,0.0016309953793377518,0.488937666123182
night,I_hedging,-0.09567232697121514,0.032008901018855916,-2.98892882685526,0.002799573369774931,-0.15840862015288018,-0.032936033789550095,8826,224,0.0016309953793377518,0.013588173185005152
night,I_denial:I_hedging,0.045835621739573236,0.06019857164932149,0.7614071311622201,0.4464139293881827,-0.07215141061385086,0.16382265409299732,8826,224,0.0016309953793377518,0.7106909755859868
kill,intercept,-0.01880025673951322,0.02514768690186291,-0.7475938766408182,0.4547051593205873,-0.06808881736165417,0.03048830388262774,8826,224,0.0015774027432310378,
kill,I_denial,0.004170978278012447,0.0340975606338683,0.12232482912192591,0.9026417688611267,-0.06265901252504015,0.07100096908106505,8826,224,0.0015774027432310378,0.9383521783031608
kill,I_hedging,0.026607220764227047,0.03951193120692782,0.6733971221219851,0.5006946790171318,-0.050834741360975724,0.10404918288942981,8826,224,0.0015774027432310378,0.6038681280267226
kill,I_denial:I_hedging,0.09939239893484553,0.057839026743239944,1.7184313867532741,0.08571795949670762,-0.013970010382753778,0.21275480825244483,8826,224,0.0015774027432310378,0.31314885263162406
blue_collar_job,intercept,-0.007669859621503667,0.015504459190391041,-0.4946873365474816,0.6208208418259824,-0.038058041234441155,0.022718321991433817,8826,224,0.001186665256305619,
blue_collar_job,I_denial,0.009392010579011198,0.025640811331219975,0.3662914740757671,0.7141475909024255,-0.040863056164566466,0.059647077322588865,8826,224,0.001186665256305619,0.7851677933126114
blue_collar_job,I_hedging,-0.040480853676233525,0.03085629841147025,-1.3119154195496607,0.18954867422932753,-0.10095808725893571,0.019996379906468652,8826,224,0.001186665256305619,0.2913576988019771
blue_collar_job,I_denial:I_hedging,0.12736843150205363,0.05911501675417518,2.1545867445441913,0.031194187238726936,0.01150512771838838,0.24323173528571887,8826,224,0.001186665256305619,0.25041822246503714
art,intercept,0.10072809956292658,0.03375205670475763,2.9843544185776425,0.0028417739551557858,0.03457528401744797,0.1668809151084052,8826,224,0.010847085873617601,
art,I_denial,-0.20060417349713794,0.04471227984276809,-4.486556583617919,7.238350026267905e-06,-0.2882386316556396,-0.11296971533863624,8826,224,0.010847085873617601,0.00021514143636574244
art,I_hedging,-0.1081437614241214,0.04965930040130812,-2.177714155257666,0.029427324395085518,-0.20547420170814076,-0.010813321140102028,8826,224,0.010847085873617601,0.06971473279311927
art,I_denial:I_hedging,0.03617984096963854,0.057883660161710405,0.6250441120786489,0.5319421067715986,-0.07727004824066977,0.14962973017994685,8826,224,0.010847085873617601,0.7561177089110579
ridicule,intercept,0.005852221951299081,0.02294292019553363,0.2550774662258709,0.7986632679683189,-0.03911507533212349,0.050819519234721645,8826,224,0.00014554346434325627,
ridicule,I_denial,-0.016989435625595763,0.03911334058248539,-0.43436421876998876,0.6640239767463347,-0.09365017448231602,0.05967130323112449,8826,224,0.00014554346434325627,0.7465580303532239
ridicule,I_hedging,-0.022019280923936197,0.029632888583110327,-0.7430690012611997,0.4574399060486286,-0.08009867530472059,0.03606011345684819,8826,224,0.00014554346434325627,0.583529110921007
ridicule,I_denial:I_hedging,0.05657219789641469,0.043708517376109396,1.2943060367299588,0.19555973213123823,-0.029094921978402875,0.14223931777123225,8826,224,0.00014554346434325627,0.4324042966012934
play,intercept,-0.0025712002624412996,0.017677169289417472,-0.14545316732247182,0.8843530894971767,-0.03721781541831704,0.03207541489343444,8826,224,0.0006576143654420941,
play,I_denial,0.03700317430923538,0.043307616244656934,0.8544264847133127,0.39286872651577787,-0.04787819378657399,0.12188454240504476,8826,224,0.0006576143654420941,0.5450233311108755
play,I_hedging,-0.04029048080459063,0.024972527663210994,-1.6133921783154423,0.10665933138298084,-0.08923573562741438,0.00865477401823312,8826,224,0.0006576143654420941,0.20023780136993574
play,I_denial:I_hedging,-0.020223835563442066,0.0523839872959124,-0.38606903764693307,0.6994455399362453,-0.1228945640300341,0.08244689290314997,8826,224,0.0006576143654420941,0.8356613628235734
computer,intercept,0.003894046259174707,0.026502627119096758,0.14693057566239573,0.8831868179392844,-0.04805014838994947,0.055838240908298885,8826,224,0.0013606269915104052,
computer,I_denial,0.03904521191189871,0.033857699616840646,1.153215143195311,0.24882208946112327,-0.02731465993648454,0.10540508376028196,8826,224,0.0013606269915104052,0.39298091906955185
computer,I_hedging,-0.0695271949286832,0.037125967555536384,-1.8727375879073893,0.06110463015896564,-0.14229275422873705,0.003238364371370664,8826,224,0.0013606269915104052,0.12535898352200167
computer,I_denial:I_hedging,-0.02212537426211692,0.04822273613314038,-0.45881623558294066,0.6463661347961405,-0.1166402003190504,0.07238945179481654,8826,224,0.0013606269915104052,0.8254264466186968
college,intercept,-0.03043070336171798,0.0226071720823999,-1.3460641273841074,0.17828183633561367,-0.07473994643552116,0.013878539712085206,8826,224,0.0024080441991912727,
college,I_denial,0.047339290780655095,0.04385066006760536,1.0795570855186958,0.2803394602693805,-0.03860642365016014,0.13328500521147033,8826,224,0.0024080441991912727,0.4291350199508209
college,I_hedging,-0.0004797157985349708,0.04091660724427277,-0.011724232062327655,0.9906456305555792,-0.08067479236688026,0.07971536076981033,8826,224,0.0024080441991912727,0.9955885143903714
college,I_denial:I_hedging,0.11115976162477485,0.07040023302799088,1.578968660239777,0.11434324567974796,-0.02682215961331448,0.2491416828628642,8826,224,0.0024080441991912727,0.3611794585757118
optimism,intercept,0.03157721105949773,0.03456657907621807,0.9135185460462,0.36096988409573105,-0.036172038998645496,0.09932646111764096,8826,224,0.003165999661135621,
optimism,I_denial,-0.09325493992873699,0.045435088011128624,-2.0524872738420936,0.04012233058664682,-0.1823060760649567,-0.004203803792517294,8826,224,0.003165999661135621,0.10369277645120412
optimism,I_hedging,0.051696441005697105,0.04181510145699586,1.2363103090605572,0.21634324057990606,-0.03025965185990312,0.13365253387129733,8826,224,0.003165999661135621,0.3237015404165512
optimism,I_denial:I_hedging,-0.06988444773635749,0.050470791489820865,-1.3846513136306182,0.16615911288788587,-0.16880538132763706,0.029036485854922064,8826,224,0.003165999661135621,0.40916987721269604
stealing,intercept,-0.020017247284827577,0.015177704089126422,-1.3188587132337288,0.18721635114407187,-0.04976500066752167,0.009730506097866517,8826,224,0.0023351019843863563,
stealing,I_denial,0.005295175227815687,0.031162176235038096,0.1699231526026062,0.8650705727603935,-0.05578156787274896,0.06637191832838034,8826,224,0.0023351019843863563,0.9108415025360757
stealing,I_hedging,0.01043259324807119,0.027001453937594583,0.386371536591432,0.6992215270949944,-0.04248928399983142,0.0633544704959738,8826,224,0.0023351019843863563,0.7905970675676357
stealing,I_denial:I_hedging,0.1427102074550804,0.04993228126919908,2.8580750534046144,0.004262195662051266,0.04484473450152626,0.24057568040863453,8826,224,0.0023351019843863563,0.1054439968497462
real_estate,intercept,-0.014205432151331396,0.0330752179314695,-0.42948869394494904,0.6675676199974893,-0.07903166807782501,0.05062080377516222,8826,224,0.003239610589407693,
real_estate,I_denial,0.037623407926924646,0.04509460530941773,0.8343217036443875,0.40409972479307865,-0.05076039437658281,0.1260072102304321,8826,224,0.003239610589407693,0.5539009767953487
real_estate,I_hedging,-0.08547903835173568,0.03911055867903683,-2.18557446476857,0.02884675250177628,-0.1621343247778883,-0.00882375192558306,8826,224,0.003239610589407693,0.06967386478798528
real_estate,I_denial:I_hedging,0.18610492715689522,0.059088168881091245,3.1496140544042226,0.0016348628006726926,0.070294244237536,0.30191561007625445,8826,224,0.003239610589407693,0.08133442433346645
home,intercept,-0.0743224384659888,0.028973813239870323,-2.565159023104183,0.010312852788013234,-0.13111006891092442,-0.017534808021053186,8826,224,0.007310817133858838,
home,I_denial,0.16069775961808266,0.04761857266973186,3.3746866108867675,0.0007389979373401081,0.0673670721902049,0.25402844704596045,8826,224,0.007310817133858838,0.006127524563778397
home,I_hedging,0.03555954463970481,0.04571558681448285,0.7778429003658643,0.43666163348015674,-0.05404135904879576,0.1251604483282054,8826,224,0.007310817133858838,0.5679455232846483
home,I_denial:I_hedging,0.026186260789451004,0.05914143676289344,0.44277349727629217,0.6579295748596976,-0.08972882525977326,0.14210134683867526,8826,224,0.007310817133858838,0.8254264466186968
divine,intercept,0.07158656705285599,0.030170685044418423,2.372719311724727,0.01765767688891677,0.012453110976894638,0.13072002312881734,8826,224,0.005392116882876552,
divine,I_denial,-0.15793027964332537,0.03945356177188417,-4.002940990637539,6.25599100242708e-05,-0.23525783977804463,-0.08060271950860612,8826,224,0.005392116882876552,0.0008892444353449921
divine,I_hedging,-0.07156040413382868,0.036985289795549034,-1.9348342146136317,0.05301064303212892,-0.14405024009088158,0.0009294318232242055,8826,224,0.005392116882876552,0.11324259949779866
divine,I_denial:I_hedging,0.06951917879284372,0.0484042010273625,1.4362220079522663,0.1509391785319218,-0.02535131192122346,0.16438966950691092,8826,224,0.005392116882876552,0.3900895652967849
sexual,intercept,0.007345351386314232,0.019975269228275853,0.36772227209416386,0.7130803316729318,-0.031805456882597644,0.046496159655226105,8826,224,0.00022839230124838128,
sexual,I_denial,-0.014974188380197965,0.03032881796340696,-0.4937280575281561,0.6214982472688159,-0.07441757928214704,0.04446920252175111,8826,224,0.00022839230124838128,0.7149026081300252
sexual,I_hedging,0.011661730489365859,0.03497658612983139,0.3334153437982221,0.7388207824617579,-0.05689111862726687,0.08021457960599859,8826,224,0.00022839230124838128,0.8168074206104989
sexual,I_denial:I_hedging,-0.03977505047679547,0.04297216945621774,-0.9256002426714885,0.354653767225239,-0.1239989549485344,0.04444885399494346,8826,224,0.00022839230124838128,0.6245672537860404
fear,intercept,0.004910222076396887,0.029664490036766373,0.16552524821128303,0.8685305787258799,-0.05323111001541247,0.06305155416820624,8826,224,0.007307971075408148,
fear,I_denial,-0.09874384119354625,0.03778193777473172,-2.6135197665691305,0.008961489974147753,-0.17279507849815381,-0.02469260388893868,8826,224,0.007307971075408148,0.03429493278568082
fear,I_hedging,0.18464934354031337,0.07989272658594677,2.3112159445662654,0.02082093009285992,0.02806247680515203,0.3412362102754747,8826,224,0.007307971075408148,0.05380993621401459
fear,I_denial:I_hedging,-0.10027819686266363,0.08288431302233482,-1.209857368735646,0.22633362812373325,-0.26272846526978405,0.062172071544456795,8826,224,0.007307971075408148,0.47410938943813596
irritability,intercept,0.011916850872490262,0.020306533670062563,0.5868481084026168,0.5573057233432374,-0.027883223771682328,0.05171692551666285,8826,224,0.0008059220883540608,
irritability,I_denial,-0.05569058330770316,0.028264749006959522,-1.970319400111803,0.04880177640195537,-0.11108847339340808,-0.0002926932219982428,8826,224,0.0008059220883540608,0.1198957222714706
irritability,I_hedging,0.011071341242710591,0.038458050407306585,0.28788098006671614,0.7734378465899997,-0.06430505247123627,0.08644773495665745,8826,224,0.0008059220883540608,0.845682041051703
irritability,I_denial:I_hedging,0.06670839763029876,0.05382046250065367,1.2394616198158566,0.21517459375889014,-0.038777770502270964,0.17219456576286848,8826,224,0.0008059220883540608,0.46042735653784017
superhero,intercept,0.04152160689643723,0.017145132013909214,2.4217723644677847,0.015445022088993591,0.007917765638990486,0.07512544815388397,8826,224,0.0019986563911111865,
superhero,I_denial,-0.05303192504243256,0.031232384096809045,-1.6979787671044533,0.08951176936926641,-0.11424627302349982,0.008182422938634713,8826,224,0.0019986563911111865,0.1836375474689074
superhero,I_hedging,-0.10184235678525097,0.024013681744268524,-4.241013846598439,2.225124076775378e-05,-0.14890830814022427,-0.05477640543027768,8826,224,0.0019986563911111865,0.0003024293910863939
superhero,I_denial:I_hedging,0.03541054597801243,0.04136956574433147,0.8559564341780515,0.39202187752698314,-0.045672312936939206,0.11649340489296406,8826,224,0.0019986563911111865,0.6531439595619416
business,intercept,-0.03526820888968431,0.02498571029209075,-1.411535172600176,0.15808687216477324,-0.08423930119033393,0.013702883410965316,8826,224,0.0016708252324103556,
business,I_denial,0.050206221584614935,0.037263688873305695,1.3473229060953433,0.17787625791787776,-0.022829266538170176,0.12324170970740005,8826,224,0.0016708252324103556,0.3025416694500656
business,I_hedging,0.05206219076422468,0.041967030380850916,1.2405497909134897,0.21477210978762662,-0.03019167732034138,0.13431605884879072,8826,224,0.0016708252324103556,0.3237015404165512
business,I_denial:I_hedging,0.028165815059692394,0.05302705935787175,0.5311592873669553,0.5953084028280418,-0.07576531148780388,0.13209694160718866,8826,224,0.0016708252324103556,0.7988159261846325
driving,intercept,-0.05191535652823231,0.020711457022797197,-2.5066008862191023,0.012189826561943395,-0.09250906636026399,-0.01132164669620063,8826,224,0.004189065510147416,
driving,I_denial,0.13015612153640654,0.03226922255512525,4.033444602331584,5.496514310759761e-05,0.06690960751925347,0.19340263555355963,8826,224,0.004189065510147416,0.0008413894983393788
driving,I_hedging,0.0001895762200874926,0.034287580607691485,0.005529005451173955,0.9955885143903714,-0.0670128468880018,0.06739199932817677,8826,224,0.004189065510147416,0.9955885143903714
driving,I_denial:I_hedging,0.008502672835313614,0.05088095706320429,0.16710913721122816,0.8672841766563157,-0.09122217050749568,0.1082275161781229,8826,224,0.004189065510147416,0.9180295274181215
pet,intercept,0.05496284992992181,0.039512005517124756,1.3910417659286,0.16421276203429902,-0.02247925784059062,0.13240495770043423,8826,224,0.002871365991364505,
pet,I_denial,-0.08987217892601157,0.043121501714232735,-2.0841616213089407,0.03714546842959339,-0.17438876924518992,-0.005355588606833203,8826,224,0.002871365991364505,0.09855930956652112
pet,I_hedging,-0.12290969457252393,0.045626952480711934,-2.6937958353559126,0.00706434225094055,-0.2123368781590398,-0.03348251098600806,8826,224,0.002871365991364505,0.02420153789824887
pet,I_denial:I_hedging,0.09153755119699342,0.05408484042703253,1.692480748288228,0.09055434774648198,-0.014466788149586254,0.19754189054357307,8826,224,0.002871365991364505,0.3217913428848199
childish,intercept,0.07240355037723357,0.039543210655240725,1.8309982719533628,0.06710080100520223,-0.005099718340118756,0.14990681909458592,8826,224,0.00508727034757106,
childish,I_denial,-0.13376941240763318,0.057508914014226184,-2.326063962441408,0.020015138703272692,-0.2464848126655273,-0.02105401214973908,8826,224,0.00508727034757106,0.06638354336585443
childish,I_hedging,-0.10960164942514915,0.04755965541838232,-2.3045089048897296,0.021194093055810558,-0.20281686116231373,-0.016386437687984562,8826,224,0.00508727034757106,0.05407210920649104
childish,I_denial:I_hedging,0.05943469514035788,0.061834076003019975,0.9611964628929701,0.3364533945375393,-0.06175786684287369,0.18062725712358946,8826,224,0.00508727034757106,0.6031912208375705
cooking,intercept,0.062094248975854895,0.04048044293538811,1.5339320539294774,0.12504636929552093,-0.017245961255734667,0.14143445920744446,8826,224,0.004462751326479664,
cooking,I_denial,-0.11727161103617699,0.04529144212464678,-2.5892664383137385,0.009618064421738019,-0.20604120640836493,-0.028502015663989036,8826,224,0.004462751326479664,0.035717020421976234
cooking,I_hedging,-0.062450992112435565,0.046216180650243084,-1.351279816587507,0.17660581493779115,-0.15303304168990894,0.02813105746503782,8826,224,0.004462751326479664,0.2811564573809635
cooking,I_denial:I_hedging,-0.010259288405977238,0.05042939650756096,-0.2034386511930407,0.8387921921175985,-0.10909908932288671,0.08858051251093223,8826,224,0.004462751326479664,0.9095166837173003
exasperation,intercept,-0.03167679472765554,0.01873566834319813,-1.6907213635192047,0.09089003209690191,-0.06839802990661109,0.0050444404513000154,8826,224,0.008806011183281726,
exasperation,I_denial,-0.044788865903629405,0.025183670378480186,-1.7784884105655283,0.07532367370852303,-0.09414795284397875,0.004570221036719953,8826,224,0.008806011183281726,0.16292838117387046
exasperation,I_hedging,0.24419012712929944,0.103799861945422,2.352509170558384,0.018647229954665234,0.04074613611604261,0.44763411814255627,8826,224,0.008806011183281726,0.05014592920241056
exasperation,I_denial:I_hedging,-0.09019312258827239,0.10303140131528654,-0.8753945053340805,0.38135928845876876,-0.2921309584429268,0.111744713266382,8826,224,0.008806011183281726,0.6531439595619416
religion,intercept,0.013034264608214571,0.032026937852807406,0.4069781715666588,0.6840240204393495,-0.04973738011839051,0.07580590933481965,8826,224,0.0005132719001361696,
religion,I_denial,-0.03709652261760003,0.044890350592636304,-0.8263807728800686,0.4085881267875231,-0.12507999303254347,0.05088694779734339,8826,224,0.0005132719001361696,0.5539009767953487
religion,I_hedging,-0.04037737275575124,0.0448284274040872,-0.9007091056705206,0.36774300599671206,-0.12823947595133053,0.04748473043982806,8826,224,0.0005132719001361696,0.4978289673016714
religion,I_denial:I_hedging,0.10395413789749602,0.06332204084525928,1.6416738391538868,0.10065761605549389,-0.020154781586786394,0.22806305738177846,8826,224,0.0005132719001361696,0.3395061965261574
hipster,intercept,-0.03282501818721394,0.021751239538612445,-1.5091102338762583,0.1312706147090235,-0.07545666430199796,0.009806627927570068,8826,224,0.005445228000463875,
hipster,I_denial,-0.019040279139079325,0.029420188525392625,-0.6471841308102299,0.5175127806303663,-0.07670278906722744,0.03862223078906878,8826,224,0.005445228000463875,0.624151777851169
hipster,I_hedging,0.19353004461263512,0.06782827715407425,2.8532354459339286,0.004327654470919377,0.06058906425724864,0.3264710249680216,8826,224,0.005445228000463875,0.01722406479425912
hipster,I_denial:I_hedging,-0.05965906721557253,0.06655998600228502,-0.8963203089244102,0.3700817154297993,-0.1901142425915413,0.07079610816039623,8826,224,0.005445228000463875,0.646019836583597
internet,intercept,-0.024504964457211603,0.026875257676208873,-0.9118038886341338,0.3618719629681899,-0.07717950157781461,0.02816957266339141,8826,224,0.001014221501649759,
internet,I_denial,0.05693175172545351,0.038331709842106765,1.485239034730324,0.1374805151056298,-0.018197019030915272,0.1320605224818223,8826,224,0.001014221501649759,0.2533205787594475
internet,I_hedging,-0.0022392816793147586,0.03927808679782986,-0.057010966212297294,0.9545364595764814,-0.07922291718469945,0.07474435382606995,8826,224,0.001014221501649759,0.9728270668511115
internet,I_denial:I_hedging,0.02552780225002896,0.05991190151199884,0.4260890007791922,0.6700429947188408,-0.09189736695879958,0.1429529714588575,8826,224,0.001014221501649759,0.8254264466186968
surprise,intercept,0.04072508410252182,0.029459460850018746,1.3824110464837616,0.166845526222694,-0.017014398167482653,0.09846456637252629,8826,224,0.0036715866074015224,
surprise,I_denial,-0.11139742107895871,0.037352385977967945,-2.9823374909615072,0.00286056469325153,-0.1846067523324148,-0.03818808982550262,8826,224,0.0036715866074015224,0.01368181602002098
surprise,I_hedging,0.032226726086198414,0.04524156470057437,0.7123256301917709,0.4762631563585813,-0.05644511133116598,0.12089856350356282,8826,224,0.0036715866074015224,0.5923523007209854
surprise,I_denial:I_hedging,-0.045321442086728614,0.0531358320151762,-0.8529355873035788,0.39369502533330747,-0.14946575912504434,0.0588228749515871,8826,224,0.0036715866074015224,0.6531439595619416
reading,intercept,-0.021126511653657202,0.02821543585068422,-0.7487572322277235,0.45400354128443954,-0.07642774972909853,0.03417472642178414,8826,224,0.0008965425161840956,
reading,I_denial,0.012826524907302973,0.0440136758038384,0.29142135195589325,0.7707290863749439,-0.0734386944954423,0.09909174431004825,8826,224,0.0008965425161840956,0.8245972483258808
reading,I_hedging,0.08231773550090042,0.05141460723611636,1.6010573633843899,0.10936421449087486,-0.018453042961160085,0.18308851396296094,8826,224,0.0008965425161840956,0.2033969970437766
reading,I_denial:I_hedging,-0.0348764633668469,0.06616384679327712,-0.5271226667913553,0.598108407042765,-0.16455522016029603,0.09480229342660221,8826,224,0.0008965425161840956,0.7988159261846325
worship,intercept,0.030114305991953135,0.02532707852996431,1.1890161731968054,0.23443330269651697,-0.019525855760394572,0.07975446774430084,8826,224,0.001255879710905572,
worship,I_denial,-0.08333234613441669,0.030872353199897475,-2.6992547537546776,0.0069494955670137,-0.14384104652421564,-0.022823645744617746,8826,224,0.001255879710905572,0.027658992356714526
worship,I_hedging,-0.0351068657737086,0.04033516243591694,-0.870378688309118,0.38409348935616616,-0.11416233145867868,0.04394859991126149,8826,224,0.001255879710905572,0.5129839220260206
worship,I_denial:I_hedging,0.10161123917527635,0.0495283067789707,2.051579102607635,0.04021058481428695,0.004537541673242773,0.19868493667730994,8826,224,0.001255879710905572,0.2581260121949388
leader,intercept,-0.026207280771859888,0.019800045284122214,-1.3235970118146991,0.18563691812391048,-0.06501465642100157,0.012600094877281795,8826,224,0.001797531546777864,
leader,I_denial,0.08743731450451808,0.07544499326500528,1.1589545007630793,0.24647473171198597,-0.06043215510875921,0.23530678411779538,8826,224,0.001797531546777864,0.39298091906955185
leader,I_hedging,-0.02630677616756413,0.02625922987934251,-1.0018106505194588,0.31643505231659697,-0.07777392099283352,0.025160368657705257,8826,224,0.001797531546777864,0.44035367420281674
leader,I_denial:I_hedging,-0.015441007869598424,0.07834319205370535,-0.19709444387986383,0.8437536312929274,-0.16899084272876547,0.1381088269895686,8826,224,0.001797531546777864,0.9095166837173003
independence,intercept,0.006453440803559543,0.027656728153446566,0.23334071795312197,0.8154968427564819,-0.047752750307410684,0.06065963191452977,8826,224,0.0003217304730961379,
independence,I_denial,-0.026160668041247444,0.03830871651544095,-0.6828907470889285,0.494675881218125,-0.10124437270546648,0.04892303662297158,8826,224,0.0003217304730961379,0.611431679269608
independence,I_hedging,-0.019605708274849046,0.04581353660995153,-0.42794574978501726,0.6686906178030532,-0.10939859003476128,0.07018717348506319,8826,224,0.0003217304730961379,0.7688053216650191
independence,I_denial:I_hedging,0.07883312776101238,0.054156340430223486,1.4556583243024543,0.1454870961370574,-0.02731134901671607,0.18497760453874085,8826,224,0.0003217304730961379,0.38993522785131307
movement,intercept,0.04320334609104408,0.029949192568921666,1.4425546195150607,0.14914597482648506,-0.015495992710097009,0.10190268489218517,8826,224,0.0035191344458790352,
movement,I_denial,-0.029285976830399418,0.04239691440564617,-0.6907572695077848,0.48971809277616807,-0.11238240212109331,0.053810448460294466,8826,224,0.0035191344458790352,0.6095827052624737
movement,I_hedging,-0.1265545979082271,0.03705680544409499,-3.415151316784475,0.00063746587758936,-0.19918460196076107,-0.05392459385569312,8826,224,0.0035191344458790352,0.004228523654676089
movement,I_denial:I_hedging,-0.010945319190874127,0.052499861640013815,-0.20848281974388927,0.8348519957815583,-0.11384315719863715,0.09195251881688889,8826,224,0.0035191344458790352,0.9095166837173003
body,intercept,-0.026456050135453307,0.026663765678586467,-0.992209819661745,0.321095183330832,-0.07871607055769797,0.02580397028679136,8826,224,0.0007816212822532309,
body,I_denial,0.06256157975417408,0.036565725079384416,1.7109350250364925,0.08709310801727989,-0.009105924470012391,0.13422908397836053,8826,224,0.0007816212822532309,0.18053675516081977
body,I_hedging,0.04997512750670275,0.046700682181874294,1.0701155780139622,0.2845672879680382,-0.041556527623222296,0.1415067826366278,8826,224,0.0007816212822532309,0.4044920736117114
body,I_denial:I_hedging,-0.09344460825151427,0.05623703316587494,-1.661620519274071,0.09658888647131693,-0.20366716785401368,0.016777951350985143,8826,224,0.0007816212822532309,0.33139980013434606
noise,intercept,0.09509881446199676,0.02819578423864844,3.372802602583517,0.0007440727555798693,0.03983609283838371,0.15036153608560981,8826,224,0.010361995462292106,
noise,I_denial,-0.13227533360886778,0.03994222680636655,-3.311666478940125,0.0009274204036194052,-0.21056065961167653,-0.05399000760605904,8826,224,0.010361995462292106,0.006808299859977585
noise,I_hedging,-0.19019751132407128,0.0463389970204399,-4.104480535911818,4.0522438538886976e-05,-0.2810202765638424,-0.0993747460843002,8826,224,0.010361995462292106,0.0004244192246967636
noise,I_denial:I_hedging,0.024088089946174847,0.05675268559235654,0.4244396488863081,0.671245210213439,-0.08714512984076919,0.1353213097331189,8826,224,0.010361995462292106,0.8254264466186968
eating,intercept,0.07580695402633629,0.03984190081146819,1.9026942109277032,0.05708045777705859,-0.0022817366397585165,0.1538956446924311,8826,224,0.006450953022607897,
eating,I_denial,-0.13534001162422016,0.044675637591799544,-3.0293918323185287,0.0024504663606139333,-0.222902652290511,-0.047777370957929305,8826,224,0.006450953022607897,0.012368654733830064
eating,I_hedging,-0.09175259532303787,0.045493119377506476,-2.0168455489206094,0.04371163390353858,-0.18091747084733178,-0.0025877197987439343,8826,224,0.006450953022607897,0.09587970572089798
eating,I_denial:I_hedging,-0.006234439666003179,0.05095451095573464,-0.12235304684641525,0.9026194222306518,-0.10610344598909467,0.09363456665708832,8826,224,0.006450953022607897,0.9355274219994777
medieval,intercept,0.0881594174436902,0.03418705628350165,2.578736721659042,0.009916233137803869,0.0211540183905832,0.1551648164967972,8826,224,0.007241498090402865,
medieval,I_denial,-0.17078512350472375,0.03814671087923841,-4.477060264655075,7.567789218895462e-06,-0.2455513029566933,-0.0960189440527542,8826,224,0.007241498090402865,0.00021514143636574244
medieval,I_hedging,-0.13881414815837584,0.04418557204435328,-3.1416170875650273,0.0016801761326064308,-0.22541627800160813,-0.05221201831514356,8826,224,0.007241498090402865,0.009496448701198468
medieval,I_denial:I_hedging,0.11297749798355272,0.0503240142811581,2.245001707382728,0.02476802295604272,0.014344242435003512,0.21161075353210193,8826,224,0.007241498090402865,0.25041822246503714
zest,intercept,0.0704403708709439,0.028445317246234152,2.4763433032292665,0.01327358767901118,0.014688573539508892,0.1261921682023789,8826,224,0.005830740128746625,
zest,I_denial,-0.12395246582497249,0.040975742426791834,-3.025020621564788,0.0024861617555437315,-0.20426344522127438,-0.04364148642867062,8826,224,0.005830740128746625,0.012368654733830064
zest,I_hedging,-0.08089441079823122,0.03796821043092158,-2.1305826606025717,0.033123539295531315,-0.15531073580027552,-0.0064780857961869165,8826,224,0.005830740128746625,0.07664632930012479
zest,I_denial:I_hedging,-0.022080665063576314,0.04976961341637023,-0.4436575562452237,0.657290186272675,-0.11962731488414344,0.07546598475699082,8826,224,0.005830740128746625,0.8254264466186968
confusion,intercept,-0.08478918757416726,0.01724439396929963,-4.916913155957716,8.791953038802671e-07,-0.11858757868921424,-0.050990796459120274,8826,224,0.01913103345340006,
confusion,I_denial,0.02619778587313036,0.04343194514683679,0.6031916319787114,0.5463812138477847,-0.05892726239318895,0.11132283413944967,8826,224,0.01913103345340006,0.6472015568792212
confusion,I_hedging,0.38739073286657477,0.08870405303870336,4.367226970987993,1.2583394557378582e-05,0.21353398362798542,0.5612474821051641,8826,224,0.01913103345340006,0.00021310301098386553
confusion,I_denial:I_hedging,-0.1757794888896671,0.08910151399739767,-1.972800247757866,0.04851832494195842,-0.350415247292558,-0.0011437304867761566,8826,224,0.01913103345340006,0.26102207486465734
water,intercept,0.004457921573074688,0.025682627079105423,0.17357731977121266,0.8621976576218895,-0.045879102530345064,0.05479494567649444,8826,224,0.006701903222347982,
water,I_denial,0.095595383275562,0.03883631093532149,2.4614949508146595,0.013835934522008706,0.019477612549932813,0.1717131540011912,8826,224,0.006701903222347982,0.05006092672508605
water,I_hedging,-0.12473068133283446,0.039785221617992944,-3.135100830415502,0.0017179505188097731,-0.20270828282104503,-0.046753079844623915,8826,224,0.006701903222347982,0.009496448701198468
water,I_denial:I_hedging,-0.10883289633203025,0.054859459197029885,-1.9838492381259658,0.04727264922314616,-0.21635546056955346,-0.0013103320945070385,8826,224,0.006701903222347982,0.26102207486465734
sports,intercept,0.013524857825053143,0.02383881324963323,0.5673461041631855,0.5704790593194855,-0.03319835757840424,0.06024807322851053,8826,224,0.00045341022726141933,
sports,I_denial,-0.01213197283854774,0.03474516963015169,-0.3491700563758271,0.7269616447166998,-0.08023125395037992,0.055967308273284444,8826,224,0.00045341022726141933,0.794864655486941
sports,I_hedging,-0.06589139561732588,0.032091408591120536,-2.0532409922186323,0.04004921058560328,-0.1287894006690814,-0.002993390565570353,8826,224,0.00045341022726141933,0.09056582848335287
sports,I_denial:I_hedging,0.06599594869369556,0.0493699801649009,1.3367627143714091,0.18130010347446845,-0.03076743434696705,0.16275933173435816,8826,224,0.00045341022726141933,0.41469793783240483
death,intercept,0.008099007068754471,0.023854467398963942,0.33951741337583713,0.7342199813262409,-0.038654889903599714,0.05485290404110866,8826,224,0.0008435031261277981,
death,I_denial,-0.030564576360769844,0.032606440816838014,-0.9373784931775274,0.3485638997865127,-0.09447202602580913,0.03334287330426945,8826,224,0.0008435031261277981,0.49545868612511446
death,I_hedging,-0.044135134595219,0.03250960902196896,-1.3576027495561043,0.1745897700400576,-0.10785279742975656,0.019582528239318574,8826,224,0.0008435031261277981,0.2801884212739634
death,I_denial:I_hedging,0.13435088758914268,0.04625677514636433,2.9044585828569662,0.0036788887401652927,0.043689274261301106,0.22501250091698427,8826,224,0.0008435031261277981,0.1054439968497462
healing,intercept,0.014098513015185379,0.022934049518486543,0.61474154417522,0.538725419191788,-0.030851398060706414,0.059048424091077176,8826,224,0.0004462870324489776,
healing,I_denial,-0.03108736856796995,0.03650100098027195,-0.8516853711702876,0.39438874211038233,-0.10262801588896418,0.04045327875302428,8826,224,0.0004462870324489776,0.5450233311108755
healing,I_hedging,-0.05118395861739726,0.030913830763596477,-1.6556977040086047,0.0977830525146473,-0.1117739535382127,0.009406036303418193,8826,224,0.0004462870324489776,0.18710411010014244
healing,I_denial:I_hedging,0.09648469428090693,0.048295407960273,1.997802655695002,0.04573805932650477,0.0018274340601028283,0.19114195450171104,8826,224,0.0004462870324489776,0.26102207486465734
legend,intercept,0.10158606035516647,0.044323800744575564,2.2919077030549726,0.02191096967322086,0.014713007237868739,0.1884591134724642,8826,224,0.009772439000884536,
legend,I_denial,-0.1977432744045271,0.04687512530267797,-4.218511910692003,2.459199824749525e-05,-0.2896168317685781,-0.10586971704047608,8826,224,0.009772439000884536,0.0006117259564064443
legend,I_hedging,-0.15121338311931298,0.04992300370621142,-3.0289319931384457,0.0024541992202279047,-0.249060672383547,-0.053366093855078955,8826,224,0.009772439000884536,0.012209641120633826
legend,I_denial:I_hedging,0.11408822201278712,0.058080976623926875,1.9642958614746788,0.04949579135651695,0.00025159964297766235,0.22792484438259658,8826,224,0.009772439000884536,0.26102207486465734
heroic,intercept,-0.011386854292287286,0.020822264450599266,-0.5468595559960613,0.5844752232844304,-0.05219774269203054,0.02942403410745597,8826,224,0.008446023906566125,
heroic,I_denial,-0.0896011757714609,0.03130693543203276,-2.8620232077963914,0.004209460823930642,-0.15096164168456602,-0.028240709858355778,8826,224,0.008446023906566125,0.019038243271868132
heroic,I_hedging,0.20075608689621133,0.051999859042736525,3.8607044440489395,0.00011306059573679008,0.09883823597128828,0.3026739378211344,8826,224,0.008446023906566125,0.0009374607729842177
heroic,I_denial:I_hedging,-0.01859411205628939,0.06859157906666771,-0.27108447289450516,0.7863260634426357,-0.1530311366696896,0.11584291255711082,8826,224,0.008446023906566125,0.8993039461211753
celebration,intercept,0.07222618640345366,0.03128637857107604,2.3085505482640323,0.020968534778402322,0.010906011197458904,0.1335463616094484,8826,224,0.00528914036306527,
celebration,I_denial,-0.15840244556603153,0.038951168109632395,-4.066693073753019,4.768498004435455e-05,-0.23474533221667612,-0.08205955891538694,8826,224,0.00528914036306527,0.0008235227588177014
celebration,I_hedging,-0.0815085722143623,0.038859917560804626,-2.097497301347198,0.03594957581425195,-0.15767261107573494,-0.005344533352989636,8826,224,0.00528914036306527,0.0822294895061625
celebration,I_denial:I_hedging,0.08753343356661901,0.04625230890339421,1.89252030097454,0.05842169140909633,-0.003119426085854929,0.17818629321909296,8826,224,0.00528914036306527,0.28355894122951636
restaurant,intercept,0.03327037252311805,0.03414331845983937,0.974432891233226,0.3298416449177124,-0.03364930197084869,0.10019004701708478,8826,224,0.0011951302766163296,
restaurant,I_denial,-0.06638336456465413,0.03806565452732056,-1.7439175915656284,0.08117346066547504,-0.1409906764861465,0.008223947356838221,8826,224,0.0011951302766163296,0.17184844837140434
restaurant,I_hedging,-0.034806507314103834,0.04516801701229782,-0.770600739559302,0.4409436227080763,-0.12333419391130002,0.053721179283092356,8826,224,0.0011951302766163296,0.569790785187709
restaurant,I_denial:I_hedging,0.010359416947790126,0.048826077199648335,0.21216975726783838,0.8319745998164507,-0.08533793586989291,0.10605676976547315,8826,224,0.0011951302766163296,0.9095166837173003
violence,intercept,-0.026820757962436853,0.02306983532252281,-1.1625899182839878,0.24499592314218666,-0.07203680432385154,0.01839528839897784,8826,224,0.002607012567482747,
violence,I_denial,0.0006969743642809698,0.03556924424480417,0.019594860084292665,0.9843665641059266,-0.0690174633128438,0.07041141204140573,8826,224,0.002607012567482747,0.9893381124094919
violence,I_hedging,0.1464765799055318,0.05257806651170936,2.7858875311230937,0.005338138944792914,0.043425463165829944,0.24952769664523367,8826,224,0.002607012567482747,0.020043200943656414
violence,I_denial:I_hedging,-0.08158241973879601,0.056263648002591114,-1.4500023129506088,0.14705787422835118,-0.19185714346271354,0.028692303985121514,8826,224,0.002607012567482747,0.38993522785131307
programming,intercept,-0.018435327808999542,0.035557253788632164,-0.5184688311022887,0.6041312014399127,-0.08812626462386897,0.05125560900586989,8826,224,0.0005879714962555571,
programming,I_denial,0.056452814053775904,0.04532390013968053,1.245541841717018,0.2129326451514172,-0.03238039785888787,0.1452860259664397,8826,224,0.0005879714962555571,0.3501950114473721
programming,I_hedging,0.00942107068797769,0.04590523802369123,0.20522866438717888,0.8373934751168286,-0.08055154254019577,0.09939368391615115,8826,224,0.0005879714962555571,0.8959209760658542
programming,I_denial:I_hedging,-0.0549377053979522,0.06346039127639734,-0.8657007039032399,0.38665431391578853,-0.17931778674451082,0.06944237594860642,8826,224,0.0005879714962555571,0.6531439595619416
dominant_heirarchical,intercept,0.020642283404345655,0.02153893601830447,0.9583706171374106,0.33787590622280206,-0.021573255456843663,0.06285782226553498,8826,224,0.000673254009530555,
dominant_heirarchical,I_denial,-0.0599556810404876,0.02754634275632081,-2.1765386995604024,0.02951500320947166,-0.1139455207486722,-0.005965841332303011,8826,224,0.000673254009530555,0.08255991058622167
dominant_heirarchical,I_hedging,-0.024377325329396717,0.03389930291770132,-0.7191099294454083,0.47207318980700774,-0.09081873814910488,0.04206408749031144,8826,224,0.000673254009530555,0.5923523007209854
dominant_heirarchical,I_denial:I_hedging,0.08061442866360473,0.052437518532754225,1.537342553943514,0.12420944590957753,-0.022161219099245177,0.18339007642645463,8826,224,0.000673254009530555,0.3802719959385527
military,intercept,-0.009183478821692166,0.020025853422402266,-0.4585811464803247,0.64653497808558,-0.04843343028927879,0.030066472645894453,8826,224,0.0005340311806467657,
military,I_denial,0.001602812353558245,0.026582439754392607,0.06029590844058581,0.9519199606103589,-0.05049781218625702,0.053703436893373514,8826,224,0.0005340311806467657,0.9714465239049304
military,I_hedging,0.004311771033720426,0.032702851320503504,0.13184694482640116,0.8951053540396221,-0.05978463974623458,0.06840818181367543,8826,224,0.0005340311806467657,0.9387230663593322
military,I_denial:I_hedging,0.06952545421997092,0.04326958739374142,1.6067972543234186,0.10809885076640811,-0.015281378697670614,0.15433228713761243,8826,224,0.0005340311806467657,0.3542107821860338
neglect,intercept,-0.015603631357676938,0.022905764573850622,-0.6812098023346556,0.4957387464228604,-0.060498104960777614,0.02929084224542374,8826,224,0.0003992275854620697,
neglect,I_denial,0.01805244542947627,0.03992759708483948,0.45212952312451554,0.651175676217556,-0.06020420684603556,0.0963090977049881,8826,224,0.0003992275854620697,0.7404797689559637
neglect,I_hedging,0.025603430946479537,0.032435570331821185,0.7893627485057995,0.42990002168536345,-0.03796911872190587,0.08917598061486495,8826,224,0.0003992275854620697,0.562829633653864
neglect,I_denial:I_hedging,0.021787777837599318,0.05220090604238284,0.4173831354557225,0.676398188323317,-0.08052411796583034,0.12409967364102897,8826,224,0.0003992275854620697,0.8254264466186968
swimming,intercept,-0.007743195055666619,0.02307967437281663,-0.33549845333981826,0.7372491112370416,-0.05297852560129927,0.037492135489966036,8826,224,0.0021947758535052486,
swimming,I_denial,0.0727371811536474,0.037842414591116064,1.9221072952021216,0.05459225832188825,-0.0014325885329731225,0.14690695084026792,8826,224,0.0021947758535052486,0.12933165959590193
swimming,I_hedging,-0.06859258565172084,0.03392226917276966,-2.0220518062153108,0.04317100010615784,-0.1350790115042227,-0.002106159799218979,8826,224,0.0021947758535052486,0.09587970572089798
swimming,I_denial:I_hedging,-0.03856889025233155,0.048166152174759724,-0.8007467591015631,0.4232782668109142,-0.1329728137887362,0.055835033284073105,8826,224,0.0021947758535052486,0.6848160576859506
exotic,intercept,0.0651266645760442,0.03416115988620774,1.9064535511377205,0.05659138656573738,-0.0018279784710373836,0.13208130762312578,8826,224,0.004496570294772351,
exotic,I_denial,-0.09257470068634627,0.04115724265050627,-2.249293070297738,0.024493856419747696,-0.1732414139843144,-0.011907987388378144,8826,224,0.004496570294772351,0.07430027544146589
exotic,I_hedging,-0.14890525463202442,0.0415749670960367,-3.581608478199359,0.0003414852911877638,-0.23039069279869415,-0.06741981646535469,8826,224,0.004496570294772351,0.0023432956188401723
exotic,I_denial:I_hedging,0.06536136996227213,0.05158420081728271,1.2670811784753584,0.20512626473677864,-0.03574180581088361,0.16646454573542785,8826,224,0.004496570294772351,0.4485728206881203
love,intercept,0.0272870038065201,0.03466240105768964,0.7872219746435207,0.4311519356261887,-0.04065005388423466,0.09522406149727487,8826,224,0.010989215376573602,
love,I_denial,-0.14109221393031848,0.04565719586561013,-3.090251410656427,0.0019998713507295243,-0.2305786734620054,-0.051605754398631576,8826,224,0.010989215376573602,0.010756064832302036
love,I_hedging,0.18753084949125584,0.06125832214471963,3.061312209110525,0.0022036917849004084,0.06746674433425293,0.30759495464825876,8826,224,0.010989215376573602,0.011244478594748239
love,I_denial:I_hedging,-0.1603666003490187,0.06586892151375852,-2.434632246339752,0.014906931472105346,-0.289467314216481,-0.031265886481556454,8826,224,0.010989215376573602,0.24720661357908033
hiking,intercept,0.021102648857190584,0.02461095848497059,0.8574492891074332,0.39119662919318743,-0.027133943398362226,0.0693392411127434,8826,224,0.004047420677454561,
hiking,I_denial,0.036276385946863735,0.03527442007635369,1.0284048857030457,0.30375941127610306,-0.03286020697832612,0.10541297887205359,8826,224,0.004047420677454561,0.45449716424018427
hiking,I_hedging,-0.1416938583853325,0.03478583666147347,-4.073320408080436,4.6347593142896e-05,-0.20987284541391352,-0.07351487135675147,8826,224,0.004047420677454561,0.0004611585517718152
hiking,I_denial:I_hedging,-0.010101970692699266,0.04931969745629233,-0.20482629078679457,0.8377078453943174,-0.10676680143544395,0.08656286005004543,8826,224,0.004047420677454561,0.9095166837173003
communication,intercept,-0.10450292321389815,0.02796060381855294,-3.737505952734698,0.00018585469113575927,-0.15930469968425504,-0.04970114674354127,8826,224,0.016129716818233275,
communication,I_denial,0.09850033417440157,0.03808061590970074,2.5866266030983334,0.009692055792898073,0.023863698482285145,0.173136969866518,8826,224,0.016129716818233275,0.035717020421976234
communication,I_hedging,0.3213564034196998,0.05669164816097698,5.66849639839721,1.4405609814589072e-08,0.21024281479996854,0.43246999203943104,8826,224,0.016129716818233275,9.555721177010752e-07
communication,I_denial:I_hedging,-0.10774250521391054,0.0708026039663822,-1.5217308287851643,0.12807653963433716,-0.24651305899967244,0.031028048571851347,8826,224,0.016129716818233275,0.38049254061281074
hearing,intercept,0.05056594960785399,0.03024044663904673,1.6721297212112862,0.09449874501408839,-0.008704236681082923,0.10983613589679089,8826,224,0.0032616285954253366,
hearing,I_denial,-0.06767267013533372,0.042198776685052515,-1.6036642635497174,0.10878807712118048,-0.1503807526296852,0.015035412359017744,8826,224,0.0032616285954253366,0.21434482521895956
hearing,I_hedging,-0.09157708402799128,0.0459077721344655,-1.9948056673227081,0.04606407902340077,-0.18155466402201514,-0.0015995040339674138,8826,224,0.0032616285954253366,0.09963860571366036
hearing,I_denial:I_hedging,-0.01817110047976212,0.06317289681845278,-0.28764076676715494,0.7736217356722205,-0.14198770304299455,0.10564550208347029,8826,224,0.0032616285954253366,0.895062356969604
order,intercept,-0.07959867896574341,0.016678776566227578,-4.772453102280938,1.8199549539598085e-06,-0.11228848034174009,-0.046908877589746725,8826,224,0.006072753218991922,
order,I_denial,0.1387148235923919,0.04200178649716284,3.302593417110053,0.0009579517390923235,0.056392834771611985,0.2210368124131718,8826,224,0.006072753218991922,0.006808299859977585
order,I_hedging,0.1389356163081341,0.043512094585482816,3.193034434028096,0.0014078615719331847,0.0536534780286875,0.22421775458758073,8826,224,0.006072753218991922,0.008240130965138346
order,I_denial:I_hedging,-0.07630353596718698,0.056833266517394544,-1.3425857889733173,0.179406134479978,-0.18769469146504641,0.03508761953067248,8826,224,0.006072753218991922,0.41469793783240483
sympathy,intercept,-0.024519926365119744,0.03395983012074649,-0.7220273563777402,0.47027765856891124,-0.0910799703228814,0.0420401175926419,8826,224,0.0050817012983429555,
sympathy,I_denial,-0.03513774343035705,0.0407060252573675,-0.8632074295683626,0.38802342954558744,-0.11492008688857513,0.044644600027861046,8826,224,0.0050817012983429555,0.5437793132364218
sympathy,I_hedging,0.17989317933776214,0.07392375373165355,2.433496274969778,0.014953789291434262,0.035005284421712746,0.32478107425381153,8826,224,0.0050817012983429555,0.04336837063952488
sympathy,I_denial:I_hedging,-0.04773437266072963,0.07188610065828349,-0.6640278471583666,0.5066724882184496,-0.18862854093998635,0.09315979561852708,8826,224,0.0050817012983429555,0.7501239719618461
hygiene,intercept,0.010049203760452655,0.02221711095104256,0.45231820566575903,0.6510397623495967,-0.03349553354412119,0.053593941065026504,8826,224,0.0020874416293432674,
hygiene,I_denial,0.03706581026241065,0.0320256778597174,1.1573778523836602,0.24711801862230742,-0.025703364923117242,0.09983498544793855,8826,224,0.0020874416293432674,0.39298091906955185
hygiene,I_hedging,-0.09803184921322919,0.03313733088062939,-2.958350796760588,0.0030928992895149733,-0.16297982428304975,-0.03308387414340863,8826,224,0.0020874416293432674,0.014313650200313482
hygiene,I_denial:I_hedging,-0.008229325128923243,0.042239750559877304,-0.19482418858647604,0.8455305853653294,-0.09101771494223834,0.07455906468439186,8826,224,0.0020874416293432674,0.9095166837173003
weather,intercept,0.0436453823306639,0.03528245845129514,1.2370278106020636,0.21607675808054505,-0.025506965519905424,0.11279773018123324,8826,224,0.014816256489162738,
weather,I_denial,0.06262089820652439,0.048240742941757724,1.2980914966862802,0.19425589594395432,-0.031929220546775564,0.15717101695982433,8826,224,0.014816256489162738,0.3276010448546348
weather,I_hedging,-0.25251077128619326,0.046240343129917906,-5.460832558632476,4.7390685904867126e-08,-0.34314017845360645,-0.16188136411878004,8826,224,0.014816256489162738,1.5717910825114264e-06
weather,I_denial:I_hedging,-0.06652923914371808,0.06290331216104904,-1.0576428626426813,0.29021829345986094,-0.1898174654876546,0.05675898720021842,8826,224,0.014816256489162738,0.5650911012602932
anonymity,intercept,0.019043771260597756,0.023441553783618035,0.8123937276677607,0.4165657441838312,-0.026900829896952225,0.06498837241814774,8826,224,0.00046291671906395493,
anonymity,I_denial,-0.02421403167534399,0.03700895418724026,-0.654274950673758,0.5129346811913568,-0.09675024898782773,0.04832218563713976,8826,224,0.00046291671906395493,0.624151777851169
anonymity,I_hedging,-0.06271533107871632,0.026296263498363576,-2.384952184656163,0.017081341336847675,-0.11425506046348419,-0.011175601693948468,8826,224,0.00046291671906395493,0.04721092952823176
anonymity,I_denial:I_hedging,0.05159908262161378,0.04185429465911837,1.23282647675374,0.21764051086936653,-0.030433827508585365,0.13363199275181292,8826,224,0.00046291671906395493,0.4607495921596164
trust,intercept,-0.024091353305877267,0.025728547263304886,-0.9363666381676103,0.3490844488306868,-0.07451837931649141,0.02633567270473688,8826,224,0.0036574287914790116,
trust,I_denial,-0.025064103818678195,0.038700207096788,-0.6476477956821693,0.5172127762847497,-0.10091511592262409,0.05078690828526769,8826,224,0.0036574287914790116,0.624151777851169
trust,I_hedging,0.1391843935084268,0.056733509673358676,2.4533013083409854,0.014155171525080163,0.027988757832089026,0.25038002918476454,8826,224,0.0036574287914790116,0.042042972141656004
trust,I_denial:I_hedging,0.0027513840720657214,0.058962374213754186,0.046663386757311145,0.9627815116754239,-0.11281274582986567,0.11831551397399712,8826,224,0.0036574287914790116,0.9725559432660374
ancient,intercept,0.02908095165017408,0.0272855523497315,1.0658003648755254,0.286513895947328,-0.024397748253581906,0.08255965155393007,8826,224,0.002581464645649012,
ancient,I_denial,-0.014239739008981357,0.03580062022003568,-0.3977511820036051,0.6908136056075633,-0.08440766526444772,0.055928187246485,8826,224,0.002581464645649012,0.7637328195328061
ancient,I_hedging,-0.1546284577440219,0.0402942347050745,-3.837483423516878,0.00012430162224436164,-0.23360370655057183,-0.07565320893747196,8826,224,0.002581464645649012,0.0009894409130651188
ancient,I_denial:I_hedging,0.12792773843197808,0.0669527189369487,1.9107175998700114,0.05604088181032725,-0.003297179351474222,0.2591526562154304,8826,224,0.002581464645649012,0.2788033870063781
deception,intercept,-0.020051181958598174,0.019589630896326336,-1.0235609881939325,0.30604267955570286,-0.05844615298583089,0.01834378906863454,8826,224,0.002437372739543364,
deception,I_denial,-0.013207907117620548,0.02441917699169721,-0.5408825662761436,0.5885885280452358,-0.061068614553456226,0.034652800318215125,8826,224,0.002437372739543364,0.6889948063588348
deception,I_hedging,0.05988981076170493,0.031836177962340874,1.8811872088587014,0.05994645710181401,-0.0025079514498909453,0.12228757297330081,8826,224,0.002437372739543364,0.12426401003396863
deception,I_denial:I_hedging,0.09955960621045486,0.07915837452685026,1.2577267636626945,0.20849058965097034,-0.055587956936904506,0.25470716935781423,8826,224,0.002437372739543364,0.45097421022329454
fabric,intercept,0.07412458085050273,0.03747052308701503,1.9782104636855131,0.04790496878978184,0.0006837051180766662,0.1475654565829288,8826,224,0.008329338317809909,
fabric,I_denial,-0.0680535950899968,0.04387708941153342,-1.5510052285306875,0.12090043096843545,-0.15405111008304606,0.017943919903052455,8826,224,0.008329338317809909,0.23358432779338498
fabric,I_hedging,-0.21350364320826415,0.04470393386591227,-4.775947545212914,1.7886301607018422e-06,-0.3011217435527126,-0.12588554286381567,8826,224,0.008329338317809909,3.7619001661554514e-05
fabric,I_denial:I_hedging,0.03760784499603036,0.0541493087087041,0.6945212393816798,0.48735538578988324,-0.06852284986077078,0.1437385398528315,8826,224,0.008329338317809909,0.7466577964256965
air_travel,intercept,0.013243202203368507,0.03452601885131407,0.38357165534781795,0.7012959516815884,-0.054426551274758046,0.08091295568149506,8826,224,0.001103262436594088,
air_travel,I_denial,-0.002054757600672326,0.04707991415056777,-0.04364403881665843,0.965188147222971,-0.09432969373102279,0.09022017852967815,8826,224,0.001103262436594088,0.9749870116617829
air_travel,I_hedging,-0.09782126688014679,0.03931465155066578,-2.4881631407589118,0.012840481588843268,-0.17487656798419352,-0.02076596577610007,8826,224,0.001103262436594088,0.03931162824892016
air_travel,I_denial:I_hedging,0.10342956455449052,0.05703856297652859,1.8133269696337173,0.06978140600270445,-0.008363964609425248,0.2152230937184063,8826,224,0.001103262436594088,0.2971693179479986
fight,intercept,0.001377403584380839,0.02456518907099012,0.05607136099788714,0.9552849586465547,-0.046769482268176746,0.04952428943693843,8826,224,0.0005587867862976159,
fight,I_denial,-0.027343319743714675,0.03466224724250466,-0.7888501732855008,0.4301995807507638,-0.09528007596224662,0.040593436474817265,8826,224,0.0005587867862976159,0.5641425180124361
fight,I_hedging,0.0017550607714001088,0.0457288123034358,0.03837975847162433,0.969384899489674,-0.08787176439912615,0.09138188594192638,8826,224,0.0005587867862976159,0.9792263705504829
fight,I_denial:I_hedging,0.08236286286681117,0.05706341134449959,1.4433568012535274,0.14891998651607935,-0.02947936820340237,0.19420509393702473,8826,224,0.0005587867862976159,0.38993522785131307
dominant_personality,intercept,-0.007745574110828147,0.02187918383361937,-0.3540156785431074,0.7233271333799849,-0.0506279864358531,0.03513683821419682,8826,224,0.00046319139236639106,
dominant_personality,I_denial,-0.010954737329843684,0.03457405028706684,-0.31684853926245193,0.7513585312581178,-0.0787186306921714,0.05680915603248403,8826,224,0.00046319139236639106,0.815340327086862
dominant_personality,I_hedging,0.0472724594997608,0.03899596166951908,1.2122398698712176,0.22542057369806567,-0.02915822091500104,0.12370313991452264,8826,224,0.00046319139236639106,0.3347663743725005
dominant_personality,I_denial:I_hedging,0.005737362036468859,0.05117038699108141,0.11212270169988818,0.9107261175667197,-0.0945547535410276,0.10602947761396533,8826,224,0.00046319139236639106,0.9390388466102447
music,intercept,0.10860508732187642,0.03372282973020869,3.2205211778117393,0.0012795773820661405,0.0425095555938908,0.17470061904986203,8826,224,0.01111078374150376,
music,I_denial,-0.19439222682985738,0.039603266228722345,-4.90848976211144,9.17804195516365e-07,-0.2720132023083046,-0.11677125135141017,8826,224,0.01111078374150376,6.088101163591888e-05
music,I_hedging,-0.18817909269995195,0.04676225823778676,-4.024166064501388,5.7177561755343257e-05,-0.27983143468177546,-0.09652675071812845,8826,224,0.01111078374150376,0.0005418254661577766
music,I_denial:I_hedging,0.11958730559525775,0.05579290947305091,2.1434140417613605,0.032079866566143055,0.010235212435374355,0.22893939875514113,8826,224,0.01111078374150376,0.25041822246503714
vehicle,intercept,-0.06838957256435173,0.018011468658307044,-3.797001447342267,0.0001464569346123126,-0.1036914024433055,-0.03308774268539795,8826,224,0.00961742188787551,
vehicle,I_denial,0.19084251109849507,0.034373996436318166,5.551944227726126,2.8250973658634914e-08,0.1234707160786033,0.2582143061183868,8826,224,0.00961742188787551,2.810971879034174e-06
vehicle,I_hedging,-0.043165099046924914,0.030076488746317118,-1.4351774707149119,0.15123653185034752,-0.1021139337711307,0.015783735677280877,8826,224,0.00961742188787551,0.255051439306942
vehicle,I_denial:I_hedging,0.037977272197756255,0.07139027939589643,0.5319669921328144,0.5947488569374844,-0.10194510426445264,0.17789964865996516,8826,224,0.00961742188787551,0.7988159261846325
politeness,intercept,-0.026045184248637807,0.031253283925535655,-0.8333583219828448,0.40464267287988687,-0.08730049514129229,0.03521012664401668,8826,224,0.004683011716580587,
politeness,I_denial,-0.028774406007166933,0.04140422826843495,-0.6949629835053217,0.48707849971180917,-0.10992520222097464,0.05237639020664077,8826,224,0.004683011716580587,0.6095827052624737
politeness,I_hedging,0.17245039359071965,0.06487556839420398,2.658171602333529,0.007856587767347045,0.045296616061514805,0.2996041711199245,8826,224,0.004683011716580587,0.025630507634460033
politeness,I_denial:I_hedging,-0.04004341699012507,0.061711747103107735,-0.6488783557402887,0.5164170058229794,-0.16099621873526024,0.08090938475501011,8826,224,0.004683011716580587,0.7501239719618461
toy,intercept,0.04499041688991752,0.025933596395379267,1.7348313825819281,0.082770675811875,-0.005838498034623614,0.09581933181445865,8826,224,0.00226677757706939,
toy,I_denial,-0.10694074272065165,0.03302185296937597,-3.238484006934047,0.001201667580028174,-0.1716623852434056,-0.04221910019789771,8826,224,0.00226677757706939,0.008245925807779539
toy,I_hedging,-0.03788275539819119,0.03766174540844582,-1.0058682885604078,0.31447893244586445,-0.11169841999366176,0.03593290919727937,8826,224,0.00226677757706939,0.44035367420281674
toy,I_denial:I_hedging,0.05568448467817496,0.04867251936764613,1.1440641536873035,0.2525970323624239,-0.039711900319239705,0.15108086967558962,8826,224,0.00226677757706939,0.5182145303105398
farming,intercept,0.04447773045957761,0.027457513622246067,1.6198746569515228,0.10525920485203721,-0.009338007345042601,0.09829346826419783,8826,224,0.001996399118474046,
farming,I_denial,-0.06840229572546119,0.034117139539571184,-2.0049246990980576,0.04497109777419859,-0.13527066047854816,-0.0015339309723742256,8826,224,0.001996399118474046,0.11349552001099676
farming,I_hedging,-0.11560912862009234,0.03128491520394236,-3.695363336178194,0.00021957256249054093,-0.17692643567920893,-0.05429182156097576,8826,224,0.001996399118474046,0.0016183311087265794
farming,I_denial:I_hedging,0.0944785490405185,0.043746266159844976,2.1596940112626357,0.030796365121316685,0.008737442909119014,0.180219655171918,8826,224,0.001996399118474046,0.25041822246503714
meeting,intercept,-0.057240047368723644,0.02499813347621699,-2.2897728513683364,0.02203448772601096,-0.10623548866283401,-0.008244606074613275,8826,224,0.003063497395925041,
meeting,I_denial,0.09777289493535235,0.04756696823162112,2.055478803258178,0.039832780951878734,0.00454335034761405,0.19100243952309065,8826,224,0.003063497395925041,0.10369277645120412
meeting,I_hedging,0.11448138307657547,0.040693661395277976,2.81324852941003,0.004904372956036511,0.03472327234276268,0.19423949381038827,8826,224,0.003063497395925041,0.01876865804329357
meeting,I_denial:I_hedging,-0.08025631159482965,0.06122417447613441,-1.3108598406028995,0.18990512088054734,-0.20025348855124953,0.039740865361590216,8826,224,0.003063497395925041,0.42944453471851046
war,intercept,0.03252524382029706,0.025185989432186532,1.2914022658459192,0.19656422534777984,-0.016838388381794946,0.08188887602238906,8826,224,0.0017942349314823414,
war,I_denial,-0.09756689477927573,0.029080903906177347,-3.3550158926989417,0.0007936042507607054,-0.1545644190732535,-0.040569370485297955,8826,224,0.0017942349314823414,0.006317089836055216
war,I_hedging,-0.03392860231682136,0.03761102129628411,-0.9020920237593612,0.36700798560244174,-0.10764484947930719,0.039787644845664466,8826,224,0.0017942349314823414,0.4978289673016714
war,I_denial:I_hedging,0.12822607027420793,0.05567410075308734,2.3031547620838277,0.021270137072191362,0.019106837926502446,0.23734530262191342,8826,224,0.0017942349314823414,0.25041822246503714
speaking,intercept,-0.10065091708471861,0.02706674348304942,-3.718619387949325,0.0002003146127274996,-0.1537007594902797,-0.04760107467915753,8826,224,0.020178712313675518,
speaking,I_denial,0.059275320731174294,0.03847844389788327,1.5404812338171263,0.12344309369937677,-0.016141043489821927,0.13469168495217052,8826,224,0.020178712313675518,0.23395405377310458
speaking,I_hedging,0.3726270589158247,0.06660725216837286,5.594391703382103,2.213966095900771e-08,0.2420792435566365,0.503174874275013,8826,224,0.020178712313675518,1.1014481327106336e-06
speaking,I_denial:I_hedging,-0.11584853405251616,0.08279985795180515,-1.39913928499669,0.16177121914194814,-0.2781332735630867,0.04643620545805435,8826,224,0.020178712313675518,0.4074996532816162
listen,intercept,0.05623377431450583,0.029436835775449508,1.9103199387145111,0.05609203208976481,-0.001461363624195397,0.11392891225320706,8826,224,0.007590779920813695,
listen,I_denial,-0.03394691212709282,0.04352852332359933,-0.7798774122137113,0.4354630350253288,-0.11926125014155924,0.0513674258873736,8826,224,0.007590779920813695,0.5641425180124361
listen,I_hedging,-0.12385158765655874,0.04606553371728467,-2.6885955216901625,0.007175330331641625,-0.2141383746710522,-0.03356480064206527,8826,224,0.007590779920813695,0.02420153789824887
listen,I_denial:I_hedging,-0.12065511258343571,0.0572946670634182,-2.105869861323834,0.0352156582895703,-0.23295059653394865,-0.008359628632922778,8826,224,0.007590779920813695,0.2506829432742331
urban,intercept,-0.03135399104499025,0.022555832638972928,-1.3900613445240542,0.16451025017314191,-0.07556261065869024,0.012854628568709732,8826,224,0.004735597506774103,
urban,I_denial,0.10033017203012445,0.04489571858714488,2.234738081658688,0.025434548955237227,0.012336180539275002,0.18832416352097392,8826,224,0.004735597506774103,0.07554440659839116
urban,I_hedging,-0.08537516505294845,0.029545048364406766,-2.88966069711366,0.003856578376968176,-0.14328239576867974,-0.027467934337217163,8826,224,0.004735597506774103,0.016328916957801427
urban,I_denial:I_hedging,0.1174256366109357,0.06647728197706197,1.7664024929817903,0.07732834715969047,-0.01286744185421941,0.24771871507609083,8826,224,0.004735597506774103,0.30173217813290987
shopping,intercept,0.039601474491578054,0.03675549646145919,1.0774299983433249,0.2812882083613504,-0.03243797480677135,0.11164092378992746,8826,224,0.0014649117673561918,
shopping,I_denial,-0.0838988982081641,0.04567109380471915,-1.8370240609278972,0.06620634345632789,-0.17341259719996402,0.005614800783635826,8826,224,0.0014649117673561918,0.15143749825068104
shopping,I_hedging,-0.06742826622068057,0.04779306765532099,-1.4108377957022293,0.15829244718487512,-0.16110095753579587,0.026244425094434726,8826,224,0.0014649117673561918,0.264707537729329
shopping,I_denial:I_hedging,0.0880898477597568,0.05804409769991217,1.5176366116531101,0.1291060319462359,-0.025674493247195257,0.20185418876670885,8826,224,0.0014649117673561918,0.38049254061281074
disgust,intercept,0.025319235276393112,0.02362136783079639,1.0718784558861627,0.2837746280549136,-0.020977794937540838,0.07161626549032707,8826,224,0.0009659250950676546,
disgust,I_denial,-0.06962496508874824,0.028902258091115695,-2.4089801173753393,0.015997169458928266,-0.12627235001921638,-0.012977580158280107,8826,224,0.0009659250950676546,0.05488684004011595
disgust,I_hedging,-0.004473921772791351,0.035715571789438696,-0.12526529882168416,0.9003135232809036,-0.07447515616734597,0.06552731262176327,8826,224,0.0009659250950676546,0.9387230663593322
disgust,I_denial:I_hedging,0.027904204538781546,0.04404873702735756,0.6334847812197418,0.5264171160394784,-0.05842973359931519,0.11423814267687829,8826,224,0.0009659250950676546,0.7561177089110579
fire,intercept,0.04609409669469158,0.02538383830338573,1.8158836399672265,0.06938822341425513,-0.003657312169332752,0.09584550555871592,8826,224,0.007371389263986283,
fire,I_denial,0.002209108270627896,0.04188109002689554,0.05274715317125779,0.9579333684951308,-0.079876319815367,0.08429453635662279,8826,224,0.007371389263986283,0.9725956139312807
fire,I_hedging,-0.1544502903443186,0.039628351765332116,-3.89746944962358,9.720307996729742e-05,-0.2321204325710538,-0.07678014811758337,8826,224,0.007371389263986283,0.0008410179527605298
fire,I_denial:I_hedging,-0.08943962031302341,0.05575027592285511,-1.604290182111138,0.1086501041953316,-0.19870815324998994,0.019828912623943123,8826,224,0.007371389263986283,0.3542107821860338
tool,intercept,-0.017621083920461925,0.019086822545784265,-0.9232067767274297,0.3558994579679613,-0.05503056868950619,0.01978840084858234,8826,224,0.0006040615214627509,
tool,I_denial,0.052100692320006345,0.0308826037389889,1.6870563363227653,0.09159251983420989,-0.00842809875723391,0.1126294833972466,8826,224,0.0006040615214627509,0.1859888923164058
tool,I_hedging,-0.0075167044495922895,0.02958351778849145,-0.25408419997017495,0.7994305095100867,-0.06549933385103555,0.05046592495185098,8826,224,0.0006040615214627509,0.8646014749592785
tool,I_denial:I_hedging,-0.008874327150462628,0.04772537652303033,-0.18594567077286941,0.8524873666019515,-0.1024143462842155,0.08466569198329024,8826,224,0.0006040615214627509,0.9099621069500211
phone,intercept,-0.06973615395887493,0.020946019360114445,-3.329327294123818,0.0008705603651814452,-0.11078959752417795,-0.02868271039357191,8826,224,0.004542276347370255,
phone,I_denial,0.11820642270061013,0.0349407192129653,3.3830563698513623,0.0007168391720233924,0.04972387144927144,0.18668897395194883,8826,224,0.004542276347370255,0.006127524563778397
phone,I_hedging,0.1454561524383385,0.028887872415651283,5.0351978278445735,4.77355588379675e-07,0.0888369629136739,0.2020753419630031,8826,224,0.004542276347370255,1.3570537441079334e-05
phone,I_denial:I_hedging,-0.10783957697659911,0.04845844510955734,-2.2254031620863994,0.026054185460575877,-0.20281638413814262,-0.012862769815055616,8826,224,0.004542276347370255,0.25041822246503714
gain,intercept,0.02470813698621578,0.032343685272386284,0.7639246046989759,0.4449121738873787,-0.03868432127495991,0.08810059524739147,8826,224,0.0006982661193564166,
gain,I_denial,-0.03184470441599398,0.04093181694328152,-0.7779939126601834,0.4365726018789706,-0.11206959144661212,0.048380182614624165,8826,224,0.0006982661193564166,0.5641425180124361
gain,I_hedging,-0.062042028229775746,0.044644477772333796,-1.3896909836455342,0.16462273391052296,-0.14954359677214896,0.02545954031259747,8826,224,0.0006982661193564166,0.2685239676081481
gain,I_denial:I_hedging,0.02532599462742683,0.059305334463889185,0.4270441243839159,0.6693471894317689,-0.090910325012898,0.14156231426775168,8826,224,0.0006982661193564166,0.8254264466186968
sound,intercept,0.10018831211588726,0.028462199495228314,3.5200481302467095,0.00043146849526755636,0.044403426184445656,0.15597319804732887,8826,224,0.0120878609138938,
sound,I_denial,-0.13584034876813786,0.04249437158189946,-3.1966668457805656,0.0013902539740867472,-0.21912778661432317,-0.05255291092195255,8826,224,0.0120878609138938,0.008740225941816757
sound,I_hedging,-0.19388370638106917,0.044441865399589164,-4.3626365508694755,1.285043282314767e-05,-0.28098816197004073,-0.10677925079209763,8826,224,0.0120878609138938,0.00021310301098386553
sound,I_denial:I_hedging,-0.0018526828541326696,0.05492111089344483,-0.03373352840089399,0.9730896423820742,-0.10949608219621497,0.10579071648794962,8826,224,0.0120878609138938,0.9767683181946349
injury,intercept,0.003493539076700348,0.02354714803678544,0.14836357554820348,0.8820558443973452,-0.042658023014032154,0.049645101167432856,8826,224,0.0022696129741103244,
injury,I_denial,0.053460421126012174,0.03701472929966043,1.4443012859343702,0.14865424422687232,-0.019087115198821773,0.12600795745084611,8826,224,0.0022696129741103244,0.2713962807444733
injury,I_hedging,-0.08766174023962013,0.030196193259249608,-2.9030725657038854,0.003695210048969747,-0.14684519149796052,-0.02847828898127975,8826,224,0.0022696129741103244,0.016328916957801427
injury,I_denial:I_hedging,-0.030117989969288262,0.0449451674675196,-0.6701051896414346,0.502790736863016,-0.11820889948474798,0.05797291954617147,8826,224,0.0022696129741103244,0.7501239719618461
sailing,intercept,-0.044136114634069676,0.024216065203423644,-1.8225964566625694,0.06836453269826791,-0.09159873028005364,0.0033265010119142846,8826,224,0.005529193812683242,
sailing,I_denial,0.1581779423718114,0.041729756170500336,3.7905311913523905,0.0001503254527287296,0.07638912319399266,0.23996676154963015,8826,224,0.005529193812683242,0.0015744613206851153
sailing,I_hedging,-0.038807981290750033,0.035557921456944336,-1.09140185085737,0.27509609836238136,-0.10850022671146495,0.030884264129964874,8826,224,0.005529193812683242,0.3942232314047978
sailing,I_denial:I_hedging,-0.07784028826385692,0.053652919889606354,-1.450811781055296,0.14683227823768857,-0.1829980789128981,0.027317502385184267,8826,224,0.005529193812683242,0.38993522785131307
rage,intercept,0.054483898943012844,0.02305877475502649,2.362827145927869,0.018136126445876366,0.009289530895539515,0.09967826699048618,8826,224,0.002952822703830571,
rage,I_denial,-0.11661072190867733,0.029649894082355764,-3.9329220396126385,8.39194610336792e-05,-0.1747234464555219,-0.058497997361832754,8826,224,0.002952822703830571,0.001043748296606385
rage,I_hedging,-0.06532180555320427,0.03594363748838556,-1.8173398720235716,0.06916508833826973,-0.1357700405038037,0.00512642939739516,8826,224,0.002952822703830571,0.13763852579315677
rage,I_denial:I_hedging,0.06416763077288463,0.047716330983617994,1.3447729414676646,0.17869857093937336,-0.029354659429399327,0.1576899209751686,8826,224,0.002952822703830571,0.41469793783240483
science,intercept,-0.012753029175154522,0.030822268493059295,-0.4137602389008554,0.679049705883966,-0.07316356534337438,0.04765750699306534,8826,224,0.0007101712551472739,
science,I_denial,0.04209348967255125,0.043075877586764295,0.9771940127688797,0.32847311154395475,-0.042333678999962904,0.1265206583450654,8826,224,0.0007101712551472739,0.48419369775738513
science,I_hedging,-0.03172598062199208,0.04567562051984893,-0.6945933139146986,0.4873102035310375,-0.12124855181241465,0.057796590568430485,8826,224,0.0007101712551472739,0.5959719941955071
science,I_denial:I_hedging,0.03640806434665957,0.06555708153940079,0.5553643251305777,0.5786454888707493,-0.09208145440212162,0.16489758309544078,8826,224,0.0007101712551472739,0.7988159261846325
work,intercept,-0.05664985056508943,0.02299304087876344,-2.463782448950095,0.013747952803336815,-0.10171538258252297,-0.011584318547655889,8826,224,0.00498340638369732,
work,I_denial,0.12286430807574453,0.06632274655388955,1.852521411728825,0.06395098580411539,-0.00712588652565696,0.25285450267714604,8826,224,0.00498340638369732,0.14927683131227226
work,I_hedging,0.009719179266096062,0.028620593977320124,0.33958691681234326,0.7341676321077718,-0.04637615414559536,0.06581451267778748,8826,224,0.00498340638369732,0.8161975351365731
work,I_denial:I_hedging,0.057425393783785514,0.07396943222152912,0.7763395237617035,0.43754854228215523,-0.08755202932728816,0.20240281689485917,8826,224,0.00498340638369732,0.7021948380173297
appearance,intercept,-0.021531026774680006,0.02144254315697959,-1.004126544927653,0.31531762208718184,-0.0635576390993058,0.020495585549945784,8826,224,0.000881586150247915,
appearance,I_denial,0.03356553531710451,0.03510967050728443,0.9560196615955268,0.33906230113064884,-0.035248154386241105,0.10237922502045013,8826,224,0.000881586150247915,0.488937666123182
appearance,I_hedging,0.01189658895453683,0.03355008371796782,0.35459193051627425,0.7228953223505152,-0.053860366810983766,0.07765354472005742,8826,224,0.000881586150247915,0.8127467183488843
appearance,I_denial:I_hedging,0.05106109720189735,0.05085511378477641,1.0040503973305945,0.3153543224023201,-0.048613094245950846,0.15073528864974556,8826,224,0.000881586150247915,0.5959042919624598
valuable,intercept,-0.028815519454787983,0.01923344125335855,-1.4981988441489225,0.1340815958675958,-0.06651237161013765,0.00888133270056169,8826,224,0.0014056474620925963,
valuable,I_denial,0.02284420951819766,0.02922205544539282,0.7817454716998459,0.4343641725616728,-0.03442996670900483,0.08011838574540016,8826,224,0.0014056474620925963,0.5641425180124361
valuable,I_hedging,0.10086391433134646,0.05267405337235154,1.9148690460242737,0.055509206261905496,-0.002375333198203128,0.20410316186089605,8826,224,0.0014056474620925963,0.11627717943283361
valuable,I_denial:I_hedging,-0.04144860651730335,0.06100342645974913,-0.6794471871945045,0.4968545599155446,-0.16101312531194942,0.07811591227734271,8826,224,0.0014056474620925963,0.7490458895696468
warmth,intercept,0.07615018119994597,0.03302820172336285,2.305610878780613,0.02113238486896314,0.01141609534803105,0.1408842670518609,8826,224,0.014456679155368968,
warmth,I_denial,-0.023090701233296106,0.0519087989122955,-0.44483212320727905,0.6564410780252271,-0.12483007758212722,0.078648675115535,8826,224,0.014456679155368968,0.7422259916307965
warmth,I_hedging,-0.277110552236596,0.045439395365371636,-6.098464779480227,1.0709198673225767e-09,-0.36617013063200066,-0.18805097384119132,8826,224,0.014456679155368968,1.0655652679859638e-07
warmth,I_denial:I_hedging,-0.0018873581692893703,0.06481154256049215,-0.029120710520472427,0.9767683181946349,-0.12891564737033887,0.12514093103176013,8826,224,0.014456679155368968,0.9767683181946349
youth,intercept,0.008928477803526989,0.026241095354691275,0.3402479082082521,0.7336698424914507,-0.04250312400654922,0.06036007961360321,8826,224,0.0003086540134704663,
youth,I_denial,-0.0312110896950124,0.038267719152914985,-0.8155983786306987,0.4147298770980249,-0.1062144410052194,0.043792261615194596,8826,224,0.0003086540134704663,0.5539009767953487
youth,I_hedging,-0.019765765638156567,0.04311263481461605,-0.4584680505645082,0.6466162111624161,-0.10426497715343169,0.06473344587711857,8826,224,0.0003086540134704663,0.752494889013572
youth,I_denial:I_hedging,0.07458324567846568,0.05030924183128707,1.48249591851497,0.1382083888012363,-0.0240210564003729,0.17318754775730427,8826,224,0.0003086540134704663,0.38993522785131307
sadness,intercept,0.029810259186480025,0.031217038271446437,0.954935536397341,0.33961029746282223,-0.0313740115295635,0.09099452990252355,8826,224,0.0023846505708059462,
sadness,I_denial,-0.09201562759443069,0.04080757154144356,-2.2548665387005693,0.024141707192314798,-0.1719969981122017,-0.012034257076659657,8826,224,0.0023846505708059462,0.07430027544146589
sadness,I_hedging,0.036873106659416524,0.04833254220493781,0.7629043492698683,0.4455204422029041,-0.05785693534352371,0.13160314866235676,8826,224,0.0023846505708059462,0.5719907612798575
sadness,I_denial:I_hedging,-0.02491398797938003,0.06140664535140599,-0.4057213651194771,0.6849473421678827,-0.1452688012795597,0.09544082532079964,8826,224,0.0023846505708059462,0.8260880066145978
fun,intercept,0.09230439697966439,0.035437491757934404,2.6047102207508117,0.009195199281365755,0.022848189431677948,0.16176060452765084,8826,224,0.008168484829408573,
fun,I_denial,-0.17353502953952737,0.04795314765094419,-3.618845436439468,0.00029592030581334267,-0.26752147188070946,-0.07954858719834527,8826,224,0.008168484829408573,0.0029444070428427593
fun,I_hedging,-0.13973799847868754,0.035601535013542775,-3.9250554344224593,8.6709767716718e-05,-0.2095157248995731,-0.06996027205780199,8826,224,0.008168484829408573,0.0007843292625284946
fun,I_denial:I_hedging,0.08665261433399384,0.04893579299099311,1.7707409860496732,0.07660378347123102,-0.009259777483260276,0.18256500615124793,8826,224,0.008168484829408573,0.30173217813290987
emotional,intercept,-0.024982846797692304,0.023224050132809107,-1.0757316942921384,0.28204726843469585,-0.07050114863315082,0.020535455037766208,8826,224,0.006828620416432063,
emotional,I_denial,-0.0532384564656328,0.03067032378827285,-1.7358296193139355,0.08259396523917643,-0.11335118648482966,0.006874273553564056,8826,224,0.006828620416432063,0.17301262192206432
emotional,I_hedging,0.1661672491157991,0.04477246482258479,3.7113714818751404,0.00020613932157500256,0.07841483056444642,0.2539196676671518,8826,224,0.006828620416432063,0.0015777586535932887
emotional,I_denial:I_hedging,0.05276212270380105,0.06274694938115982,0.8408715200366891,0.400419914907321,-0.07021963822303004,0.17574388363063212,8826,224,0.006828620416432063,0.6531439595619416
joy,intercept,0.0708382353061528,0.03321233985628221,2.132889028977991,0.03293383054360466,0.005743245345535469,0.13593322526677012,8826,224,0.011930976819145234,
joy,I_denial,-0.18517764941573575,0.045288617469725,-4.088834231681398,4.33546526685622e-05,-0.27394170856600825,-0.09641359026546324,8826,224,0.011930976819145234,0.0008235227588177014
joy,I_hedging,0.06389848268697208,0.050430173891445565,1.267068458350312,0.20513081258743526,-0.03494284187435337,0.16273980724829754,8826,224,0.011930976819145234,0.3116109290450353
joy,I_denial:I_hedging,-0.1274603277638052,0.06166865602670727,-2.066857557404933,0.03874757804193116,-0.24832867255114038,-0.006591982976469998,8826,224,0.011930976819145234,0.2570256010114767
affection,intercept,0.03953833961444821,0.02595243721834575,1.5234923518666141,0.1276355727011084,-0.011327502644546315,0.09040418187344273,8826,224,0.0041653578511472444,
affection,I_denial,-0.1126908668219796,0.03590739140758027,-3.138375203668787,0.0016988725985506263,-0.18306806075961993,-0.042313672884339265,8826,224,0.0041653578511472444,0.009943401385634548
affection,I_hedging,0.04816539271693563,0.036778953306256884,1.309591176123592,0.19033417509676898,-0.023920031152408212,0.12025081658627948,8826,224,0.0041653578511472444,0.2913576988019771
affection,I_denial:I_hedging,-0.06526089355027846,0.050283830733687813,-1.2978504739607422,0.19433872140672714,-0.16381539079301485,0.03329360369245793,8826,224,0.0041653578511472444,0.4324042966012934
traveling,intercept,-0.008344672069628698,0.03534841752359663,-0.23606918369282756,0.8133789860317684,-0.07762629732636263,0.06093695318710523,8826,224,0.00038944258256246034,
traveling,I_denial,0.003626674657646667,0.04264563611564134,0.08504210484309073,0.9322279171086992,-0.07995723622681096,0.0872105855421043,8826,224,0.00038944258256246034,0.9612090958789179
traveling,I_hedging,0.0023008917963452404,0.043859051745563725,0.052461047486690636,0.9581613321749641,-0.08366127002103825,0.08826305361372873,8826,224,0.00038944258256246034,0.9728270668511115
traveling,I_denial:I_hedging,0.05892737350771672,0.05423334746489969,1.08655239372519,0.2772346739843725,-0.04736803428453332,0.16522278129996676,8826,224,0.00038944258256246034,0.5462346546820805
fashion,intercept,0.014387129353156457,0.025765635363696315,0.5583844197930344,0.5765819095117886,-0.0361125879984799,0.0648868467047928,8826,224,0.0007592420687426715,
fashion,I_denial,0.002702806711548247,0.0345719181894929,0.07817925221082132,0.9376854658336005,-0.06505690781632302,0.07046252123941953,8826,224,0.0007592420687426715,0.9618526170148788
fashion,I_hedging,-0.056111435702086626,0.04015640352254705,-1.3973222395422222,0.16231669100877832,-0.1348165403549362,0.022593668950762952,8826,224,0.0007592420687426715,0.2669505909979082
fashion,I_denial:I_hedging,-0.017552967901693743,0.0550851254052043,-0.3186516826924639,0.7499906576121707,-0.12551782977976653,0.09041189397637903,8826,224,0.0007592420687426715,0.8825472006707871
ugliness,intercept,0.022805311762267994,0.025693325818141398,0.8875967215643896,0.37475771780027023,-0.027552681484342263,0.07316330500887824,8826,224,0.0007381578991941806,
ugliness,I_denial,-0.022923514274218185,0.031801028843652844,-0.7208419069370292,0.4710067884736423,-0.0852523854790972,0.03940535693066083,8826,224,0.0007381578991941806,0.5970086044984384
ugliness,I_hedging,-0.062487412708850346,0.04343867281618575,-1.4385203013285162,0.15028648148577003,-0.1476256469647935,0.022650821547092803,8826,224,0.0007381578991941806,0.255051439306942
ugliness,I_denial:I_hedging,0.011616076190985258,0.05028211365331346,0.23101805685966403,0.8173007740803654,-0.08693505563605886,0.11016720801802937,8826,224,0.0007381578991941806,0.9095166837173003
lust,intercept,0.03581725132297486,0.0297740496629084,1.202968750589373,0.22898841351141985,-0.022538813690232543,0.09417331633618226,8826,224,0.0023632515317731917,
lust,I_denial,-0.07973380952224444,0.0431313515031229,-1.8486276627912148,0.06451159544148449,-0.16426970507290284,0.004802086028413963,8826,224,0.0023632515317731917,0.14927683131227226
lust,I_hedging,0.006562022240306787,0.051777434580821576,0.12673517514785038,0.8991500045594174,-0.09491988474998225,0.10804392923059583,8826,224,0.0023632515317731917,0.9387230663593322
lust,I_denial:I_hedging,-0.0572603958818766,0.05861583829275516,-0.9768758333863821,0.3286306272771137,-0.17214532785930048,0.057624536095547275,8826,224,0.0023632515317731917,0.60131893498807
shame,intercept,-0.0071330176565388165,0.02538486679466634,-0.28099488227519664,0.7787143251161768,-0.056886442326431565,0.042620407013353935,8826,224,0.004392364302605478,
shame,I_denial,-0.0439020201925402,0.03591869516732887,-1.2222609977344845,0.2216089433742301,-0.11430136909217767,0.026497328707097277,8826,224,0.004392364302605478,0.3585380465973316
shame,I_hedging,0.16913430312159186,0.0665596780226557,2.541092567545499,0.011050665797569864,0.03867973137460454,0.2995888748685792,8826,224,0.004392364302605478,0.03546907247929682
shame,I_denial:I_hedging,-0.1528173022539566,0.0698835429834361,-2.1867423391824534,0.028761338912075805,-0.2897865296135481,-0.015848074894365044,8826,224,0.004392364302605478,0.25041822246503714
torment,intercept,0.028827061486786973,0.02156582577428597,1.3367010282146925,0.18132024617851872,-0.013441180327679152,0.0710953033012531,8826,224,0.0008572957269101789,
torment,I_denial,-0.0625699805619412,0.028537542804208643,-2.1925496876596378,0.028339839441710948,-0.11850253666546032,-0.006637424458422081,8826,224,0.0008572957269101789,0.08173373983913737
torment,I_hedging,-0.030750445363246493,0.036658579698475045,-0.8388335177242472,0.4015627390751867,-0.10259994129664878,0.041099050570155796,8826,224,0.0008572957269101789,0.5292118216951136
torment,I_denial:I_hedging,0.028596265438368733,0.04399216475798805,0.6500308769910272,0.515672276982575,-0.05762679308924006,0.11481932396597752,8826,224,0.0008572957269101789,0.7501239719618461
economics,intercept,0.005799937472099829,0.025079530466485225,0.23126180451625744,0.817111417992146,-0.04335503899138623,0.05495491393558589,8826,224,0.0005473827800206443,
economics,I_denial,-0.007564740900343524,0.03408557022981765,-0.2219338227097043,0.824365400305558,-0.07437123094329676,0.05924174914260971,8826,224,0.0005473827800206443,0.8772052754792072
economics,I_hedging,-0.056497866510388794,0.037279117198678255,-1.5155365994662542,0.1296365690236796,-0.12956359359524589,0.016567860574468296,8826,224,0.0005473827800206443,0.22592145393046492
economics,I_denial:I_hedging,0.0999401312532195,0.051562271569757685,1.9382414352713742,0.05259377371458527,-0.0011200639845791172,0.20100032649101812,8826,224,0.0005473827800206443,0.2683631017744223
anger,intercept,0.04307759774602244,0.029694876919345525,1.4506743995951161,0.14687054732033786,-0.015123291541244498,0.10127848703328937,8826,224,0.0025358088948154167,
anger,I_denial,-0.11904472240170774,0.036009177104534155,-3.3059550918401306,0.0009465325670206963,-0.18962141263951898,-0.04846803216389649,8826,224,0.0025358088948154167,0.006808299859977585
anger,I_hedging,-0.04557511361238104,0.04178145779048046,-1.0907975935383694,0.2753619556043563,-0.12746526610330322,0.03631503887854113,8826,224,0.0025358088948154167,0.3942232314047978
anger,I_denial:I_hedging,0.13439958626780274,0.05676978152707852,2.3674494185554638,0.01791116816566396,0.023132859064521574,0.24566631347108392,8826,224,0.0025358088948154167,0.25041822246503714
politics,intercept,0.00484257896553768,0.022269669679503164,0.21745176445049624,0.8278562939524674,-0.038805171553892175,0.04849032948496753,8826,224,0.0013196639909529573,
politics,I_denial,-0.023557238480930602,0.0341348331528229,-0.6901231470932928,0.4901167479497276,-0.09046028207874729,0.04334580511688609,8826,224,0.0013196639909529573,0.6095827052624737
politics,I_hedging,-0.055132723752868915,0.03511242246916777,-1.5701771588468718,0.1163739018787523,-0.1239518072023927,0.013686359696654868,8826,224,0.0013196639909529573,0.20677148637385454
politics,I_denial:I_hedging,0.16366613345822237,0.05150698032450985,3.1775524875866394,0.001485238035820801,0.06271430706976988,0.26461795984667486,8826,224,0.0013196639909529573,0.08133442433346645
ship,intercept,-0.038760412803499435,0.01948148537828496,-1.9896025406103652,0.04663473607272833,-0.07694342251028163,-0.0005774030967172425,8826,224,0.006326046324441337,
ship,I_denial,0.15206144012569586,0.04359427550713563,3.488105682609774,0.0004864557613626762,0.06661823019959344,0.23750465005179827,8826,224,0.006326046324441337,0.00460974745291298
ship,I_hedging,-0.08136132250542771,0.02800949181240445,-2.9047768181711726,0.0036751505642226728,-0.13625891768300996,-0.026463727327845465,8826,224,0.006326046324441337,0.016328916957801427
ship,I_denial:I_hedging,-0.010368861605377632,0.056775901585874124,-0.18262786350815802,0.8550900200987636,-0.12164758390348145,0.10090986069272619,8826,224,0.006326046324441337,0.9099621069500211
clothing,intercept,0.0863726109005864,0.04887086486004717,1.7673640756703202,0.07716727523221409,-0.009412524118430174,0.182157745919603,8826,224,0.009155072296739841,
clothing,I_denial,-0.1032420036545529,0.05151459386389093,-2.004131177416119,0.045056010456626855,-0.20420875230598717,-0.0022752550031186203,8826,224,0.009155072296739841,0.11349552001099676
clothing,I_hedging,-0.21986310134240078,0.05337081582018978,-4.119537952785579,3.796328928676682e-05,-0.3244679781754933,-0.11525822450930827,8826,224,0.009155072296739841,0.0004197052537814776
clothing,I_denial:I_hedging,0.06593786978884286,0.05967518621031528,1.1049461924836865,0.2691829051106367,-0.051023345954096355,0.18289908553178208,8826,224,0.009155072296739841,0.5356739811701671
car,intercept,-0.02123353233362126,0.01966875960284733,-1.0795562487096242,0.2803398330847403,-0.059783592775778355,0.01731652810853584,8826,224,0.0037822908786141474,
car,I_denial,0.10013087441758123,0.031013660796682357,3.228605454674109,0.001243953855625997,0.03934521622734201,0.16091653260782046,8826,224,0.0037822908786141474,0.008251560575652447
car,I_hedging,-0.09253562254415829,0.029819505884001608,-3.1031910087351364,0.0019144603460484804,-0.15098078011358168,-0.034090464974734905,8826,224,0.0037822908786141474,0.010025726549043358
car,I_denial:I_hedging,0.04051194644172203,0.046669680756227974,0.8680570722848965,0.38536308979527834,-0.05095894701046684,0.1319828398939109,8826,224,0.0037822908786141474,0.6531439595619416
strength,intercept,-0.05047789099209667,0.02766766859754498,-1.8244360132525115,0.06808618164921065,-0.10470552497947466,0.003749742995281316,8826,224,0.004555025625195497,
strength,I_denial,0.03587255658381306,0.038036128727363255,0.9431179718877721,0.34562056415129505,-0.038676885833148246,0.11042199900077437,8826,224,0.004555025625195497,0.49480929687847275
strength,I_hedging,0.16191126029612146,0.056627213824425815,2.859248219383204,0.004246463656289499,0.05092396065539821,0.2728985599368447,8826,224,0.004555025625195497,0.01722406479425912
strength,I_denial:I_hedging,-0.024585652821657145,0.058112620935793564,-0.4230690756285266,0.6722448640653933,-0.13848429690304087,0.08931299125972657,8826,224,0.004555025625195497,0.8254264466186968
technology,intercept,0.019963679097471022,0.03496294649142455,0.5709953279357495,0.5680028098614576,-0.04856243681912214,0.08848979501406418,8826,224,0.0008581291580855854,
technology,I_denial,-0.01458134772804576,0.046507900690172604,-0.31352410045734197,0.7538825134873498,-0.10573515807734958,0.07657246262125807,8826,224,0.0008581291580855854,0.815340327086862
technology,I_hedging,-0.08862506857709994,0.04397012792194983,-2.015574499451443,0.04384448854573726,-0.1748049356997406,-0.00244520145445927,8826,224,0.0008581291580855854,0.09587970572089798
technology,I_denial:I_hedging,0.0660787692074633,0.06641017783756877,0.99500967109415,0.319731560729281,-0.06408278756107155,0.19624032597599816,8826,224,0.0008581291580855854,0.5959042919624598
breaking,intercept,0.0013137137581289737,0.026242877865109277,0.05005982060662626,0.9600747180812798,-0.05012138170816859,0.052748809224426534,8826,224,0.006190066855251475,
breaking,I_denial,0.09653844252785258,0.04392038984399054,2.198032459884041,0.02794679286751679,0.010456060246672352,0.1826208248090328,8826,224,0.006190066855251475,0.08173373983913737
breaking,I_hedging,-0.14092880290889798,0.029577060104828932,-4.764800910212475,1.890402093545453e-06,-0.19889877548293916,-0.08295883033485679,8826,224,0.006190066855251475,3.7619001661554514e-05
breaking,I_denial:I_hedging,-0.04697681086385295,0.04944664687632858,-0.9500504853513533,0.34208660071066543,-0.14389045789772695,0.049936836170021044,8826,224,0.006190066855251475,0.6078145851912716
shape_and_size,intercept,-0.038267332040704226,0.04972590146133466,-0.7695653757118859,0.44155775039069056,-0.1357283080037078,0.05919364392229936,8826,224,0.0020293054346267603,
shape_and_size,I_denial,0.08234733092652846,0.06668649371432167,1.2348427146176895,0.21688904676602172,-0.04835579500879872,0.21305045686185564,8826,224,0.0020293054346267603,0.3537780352986748
shape_and_size,I_hedging,0.01518515582600931,0.05830786562302736,0.2604306582611777,0.7945315967459233,-0.09909616081052544,0.12946647246254406,8826,224,0.0020293054346267603,0.8639988401772609
shape_and_size,I_denial:I_hedging,0.021884567269262453,0.0737117893419668,0.2968937189644747,0.7665476516300003,-0.12258788507699588,0.1663570196155208,8826,224,0.0020293054346267603,0.8920642261659069
power,intercept,0.04102796614684149,0.03067271922214165,1.337604463748513,0.1810254085783104,-0.019089458836465567,0.10114539113014855,8826,224,0.0015295455215587062,
power,I_denial,-0.07939877507010551,0.04047873742825053,-1.9614933694718522,0.049821497718909494,-0.15873564256913003,-6.190757108097411e-05,8826,224,0.0015295455215587062,0.1209082688544267
power,I_hedging,-0.07285379489700106,0.03934319795472342,-1.8517507138296687,0.06406162796045632,-0.14996504592488888,0.0042574561308867664,8826,224,0.0015295455215587062,0.13008432616460008
power,I_denial:I_hedging,0.07071423016845588,0.05288436336195259,1.337148179027355,0.18117427329396163,-0.03293721736630077,0.17436567770321254,8826,224,0.0015295455215587062,0.41469793783240483
white_collar_job,intercept,-0.015336073102771621,0.019141483577464945,-0.8011956356834644,0.42301839741237424,-0.05285269152526782,0.022180545319724576,8826,224,0.002406480196266436,
white_collar_job,I_denial,0.006953553431986729,0.032140603573428905,0.21634794182071088,0.8287165416587485,-0.056040872013313286,0.06994797887728674,8826,224,0.002406480196266436,0.8772052754792072
white_collar_job,I_hedging,-0.024256925314611443,0.0343303721690334,-0.7065733279900651,0.4798316688449248,-0.09154321834177313,0.04302936771255024,8826,224,0.002406480196266436,0.5930838639760251
white_collar_job,I_denial:I_hedging,0.17088381755030174,0.058890714399684796,2.901710724555523,0.003711310760073155,0.05546013830308519,0.2863074967975183,8826,224,0.002406480196266436,0.1054439968497462
animal,intercept,0.06558479219849932,0.03604384226403025,1.819583820117571,0.06882240749637661,-0.005059840503442617,0.13622942490044126,8826,224,0.00400148322557714,
animal,I_denial,-0.11183360156439029,0.04593702210932894,-2.434498285461978,0.014912450503839846,-0.2018685104556952,-0.021798692673085374,8826,224,0.00400148322557714,0.052782390218400796
animal,I_hedging,-0.14180016360092979,0.04545452831637275,-3.119604775435614,0.0018109384275245442,-0.23088940203527641,-0.05271092516658314,8826,224,0.00400148322557714,0.009739912083172549
animal,I_denial:I_hedging,0.11499985963793924,0.054625996446221015,2.105222185761974,0.03527197191798255,0.007934873983733062,0.22206484529214543,8826,224,0.00400148322557714,0.2506829432742331
party,intercept,0.04038027751682124,0.02980543157916941,1.3547959340753997,0.17548258239885994,-0.0180372949220236,0.09879784995566607,8826,224,0.001983843739700508,
party,I_denial,-0.1049312039631131,0.039045861226713524,-2.687383519442609,0.007201421430547913,-0.18145968571282056,-0.02840272221340566,8826,224,0.001983843739700508,0.028099664013314405
party,I_hedging,-0.03494179558080785,0.037862291816207046,-0.9228653075314086,0.3560774018715165,-0.10915052391271929,0.03926693275110359,8826,224,0.001983843739700508,0.4886855377409088
party,I_denial:I_hedging,0.08448841374402383,0.050222961205367664,1.6822666707871057,0.09251714097488986,-0.013946781415449139,0.1829236089034968,8826,224,0.001983843739700508,0.3229984395439137
terrorism,intercept,0.047605077563882256,0.024742378380156003,1.9240299712683524,0.05435082680522409,-0.0008890929530859931,0.0960992480808505,8826,224,0.0023935540618521545,
terrorism,I_denial,-0.10843982946941189,0.031950435329671956,-3.3940016262847355,0.000688792835372537,-0.17106153200594504,-0.04581812693287872,8826,224,0.0023935540618521545,0.006127524563778397
terrorism,I_hedging,-0.09218556475435608,0.03672401826411946,-2.5102254358811362,0.012065410836907433,-0.16416331791962135,-0.020207811589090782,8826,224,0.0023935540618521545,0.03811137708800919
terrorism,I_denial:I_hedging,0.1582228875571742,0.05254104405585449,3.01141498804198,0.002600332039518812,0.05524433349756712,0.26120144161678127,8826,224,0.0023935540618521545,0.10349321517284872
smell,intercept,0.12849001654551526,0.037205435989052016,3.453528043141987,0.0005533047722823673,0.05556870197786294,0.20141133111316756,8826,224,0.018069092227534278,
smell,I_denial,-0.18088613992179992,0.044423128127930055,-4.071891096927769,4.6632982479445066e-05,-0.26795387113315106,-0.09381840871044878,8826,224,0.018069092227534278,0.0008235227588177014
smell,I_hedging,-0.27491784310092776,0.04500939974340508,-6.10800954174488,1.0088132395014218e-09,-0.36313464556376807,-0.18670104063808746,8826,224,0.018069092227534278,1.0655652679859638e-07
smell,I_denial:I_hedging,0.08045980193625203,0.053203315681986406,1.5123080376641664,0.1304555172529221,-0.023816780658556386,0.18473638453106045,8826,224,0.018069092227534278,0.38049254061281074
disappointment,intercept,-0.006829834499661378,0.019416138506810846,-0.35176070140134147,0.7250177329831308,-0.04488476669185194,0.031225097692529184,8826,224,0.002054240407422636,
disappointment,I_denial,-0.03708450995351157,0.029721474243521888,-1.247734538659183,0.21212828838076736,-0.09533752903824932,0.021168509131226178,8826,224,0.002054240407422636,0.3501950114473721
disappointment,I_hedging,0.1113670924322129,0.03753469716618759,2.967043851163286,0.00300678072007744,0.0378004378158676,0.1849337470485582,8826,224,0.002054240407422636,0.01424641341179549
disappointment,I_denial:I_hedging,-0.05127481424491982,0.051604362325769294,-0.9936139491702447,0.3204108504521769,-0.15241750584858327,0.04986787735874361,8826,224,0.002054240407422636,0.5959042919624598
poor,intercept,-0.0032741550982071884,0.020534252660267673,-0.15944846653915226,0.8733155565264966,-0.04352055076177762,0.036972240565363246,8826,224,0.0013852649943097983,
poor,I_denial,-0.020962169702066043,0.027586971242885134,-0.7598575979040225,0.4473397095951893,-0.07503163978066307,0.03310730037653099,8826,224,0.0013852649943097983,0.5734085497545228
poor,I_hedging,-0.01740644161495013,0.03671647593518782,-0.47407713217565056,0.6354449050417244,-0.08936941208714985,0.0545565288572496,8826,224,0.0013852649943097983,0.7438443300194303
poor,I_denial:I_hedging,0.14508922043907174,0.05140909132459578,2.8222482969594203,0.004768823978129225,0.04432925296493348,0.24584918791321,8826,224,0.0013852649943097983,0.1054439968497462
plant,intercept,0.0602114820843741,0.02883153316602239,2.0883898798462996,0.03676267963574024,0.0037027154598981357,0.11672024870885006,8826,224,0.00450328738358019,
plant,I_denial,-0.07116476392800283,0.03269255766716151,-2.17678789932931,0.0294963963191964,-0.1352409995181382,-0.007088528337867467,8826,224,0.00450328738358019,0.08255991058622167
plant,I_hedging,-0.15268205964056009,0.031827301207884455,-4.797204093532653,1.6089564214960398e-06,-0.2150624237331218,-0.0903016955479984,8826,224,0.00450328738358019,3.7619001661554514e-05
plant,I_denial:I_hedging,0.04173290103626495,0.03749438329568775,1.1130440713520064,0.2656895021084681,-0.03175473984582326,0.11522054191835317,8826,224,0.00450328738358019,0.5340627365614662
pain,intercept,-0.020753699228976272,0.02882509480135328,-0.7199871976831079,0.4715328780136153,-0.07724984689058145,0.0357424484326289,8826,224,0.0024961963952011557,
pain,I_denial,0.03214772195274225,0.04078072735271289,0.7883067330971394,0.43051731022341244,-0.04778103492192247,0.11207647882740697,8826,224,0.0024961963952011557,0.5641425180124361
pain,I_hedging,0.13163764781160442,0.0541621814926914,2.430434745863541,0.015080721381908822,0.025481722761807407,0.23779357286140143,8826,224,0.0024961963952011557,0.04336837063952488
pain,I_denial:I_hedging,-0.21846756544896073,0.062336738647582636,-3.5046357924506646,0.000457232322000337,-0.3406453281119088,-0.0962898027860127,8826,224,0.0024961963952011557,0.08133442433346645
beauty,intercept,0.13157687391867148,0.047862186073455666,2.7490778151406654,0.005976319643857479,0.037768712993343834,0.22538503484399913,8826,224,0.017278737040910763,
beauty,I_denial,-0.2213249958281578,0.05566097252743372,-3.976304864581246,6.999438313924834e-05,-0.3304184973264013,-0.11223149432991432,8826,224,0.017278737040910763,0.0009285921496473613
beauty,I_hedging,-0.2252284424791811,0.052087540219150914,-4.324036833599062,1.531997006748511e-05,-0.32731814535199844,-0.12313873960636376,8826,224,0.017278737040910763,0.0002345133879561182
beauty,I_denial:I_hedging,0.08736077809563506,0.06458747460914847,1.3525962831694438,0.17618464051391836,-0.039228345990691166,0.21394990218196128,8826,224,0.017278737040910763,0.41469793783240483
timidity,intercept,0.005096102951469756,0.023845037600555553,0.21371754730850268,0.830767326709357,-0.04163931195562252,0.05183151785856203,8826,224,0.0056170884173117885,
timidity,I_denial,0.08448539235129177,0.05316330829305267,1.5891673235529669,0.11202262159678916,-0.019712777202091053,0.18868356190467458,8826,224,0.0056170884173117885,0.21855393821334357
timidity,I_hedging,-0.09949253326394614,0.03668369072806996,-2.7121734833462523,0.0066843599123470165,-0.17139124591096916,-0.0275938206169231,8826,224,0.0056170884173117885,0.023336624957141335
timidity,I_denial:I_hedging,-0.13087698829969813,0.06428521076247912,-2.035880208641801,0.041762385638566546,-0.2568736861327239,-0.0048802904666724045,8826,224,0.0056170884173117885,0.2597098356898357
philosophy,intercept,-0.003270560653550347,0.030071175221634227,-0.10876065299893549,0.9133923329853219,-0.06220898106074671,0.05566785975364602,8826,224,0.0006037826467913954,
philosophy,I_denial,-0.01672434871732682,0.04109942848210407,-0.4069241187772016,0.6840637209949099,-0.09727774832743051,0.06382905089277686,8826,224,0.0006037826467913954,0.7604954216647322
philosophy,I_hedging,0.00309501290688305,0.04132601803633678,0.07489259923764477,0.9403001649742029,-0.07790249406878973,0.08409251988255582,8826,224,0.0006037826467913954,0.9645347053085895
philosophy,I_denial:I_hedging,0.08391312436272007,0.055699373715718946,1.5065362276961995,0.13192957438333638,-0.02525564208152599,0.19308189080696614,8826,224,0.0006037826467913954,0.38049254061281074
negotiate,intercept,0.0027784264618204053,0.022171970756688485,0.12531256207715563,0.9002761074783673,-0.04067783768756432,0.04623469061120512,8826,224,0.00040567647611644553,
negotiate,I_denial,-0.01526770226845959,0.032202372473152954,-0.47411731173497357,0.6354162541963086,-0.07838319253258341,0.04784778799566423,8826,224,0.00040567647611644553,0.7267116930176174
negotiate,I_hedging,-0.027244712923376293,0.03813534334441121,-0.7144215977635624,0.4749665207767837,-0.10198861241649153,0.047499186569738935,8826,224,0.00040567647611644553,0.5923523007209854
negotiate,I_denial:I_hedging,0.09044654363229823,0.05228172471445358,1.729983930834129,0.08363314626858558,-0.012023753857668434,0.1929168411222649,8826,224,0.00040567647611644553,0.31314885263162406
negative_emotion,intercept,-0.04656011293266206,0.028290004037197763,-1.6458149978148262,0.09980185353848527,-0.10200750196806241,0.008887276102738283,8826,224,0.007575022246873897,
negative_emotion,I_denial,-0.005776561434145833,0.04072303362599645,-0.14184997825059473,0.887198506233212,-0.08559224068231243,0.07403911781402077,8826,224,0.007575022246873897,0.9292236986337324
negative_emotion,I_hedging,0.18019308843330029,0.05552199126165099,3.245436345827884,0.0011727077898746497,0.07137198521051674,0.28901419165608383,8826,224,0.007575022246873897,0.007292776568282978
negative_emotion,I_denial:I_hedging,0.04916782499716054,0.07086071688347959,0.693865757497346,0.4877663996750782,-0.08971662801314878,0.18805227800746988,8826,224,0.007575022246873897,0.7466577964256965
cleaning,intercept,-0.011746932466095341,0.030374457190529863,-0.3867371980480295,0.6989507747826018,-0.07127977460948755,0.04778590967729686,8826,224,0.004833814105927203,
cleaning,I_denial,0.10918640353263047,0.03966216845333681,2.7529105893715835,0.0059068025776509575,0.031449981815329625,0.1869228252499313,8826,224,0.004833814105927203,0.02500965346707533
cleaning,I_hedging,-0.09459101690248789,0.040462334075951914,-2.3377548295886967,0.019399970067762604,-0.1738957344217814,-0.015286299383194368,8826,224,0.004833814105927203,0.05079729004585208
cleaning,I_denial:I_hedging,-0.07545821932943406,0.052007430138572314,-1.450912285578768,0.14680428645297286,-0.17739090932951873,0.026474470670650632,8826,224,0.004833814105927203,0.38993522785131307
messaging,intercept,-0.05749698081455581,0.025657788973636235,-2.2409172073881667,0.02503143841695305,-0.10778532312581174,-0.00720863850329987,8826,224,0.00435555339495497,
messaging,I_denial,0.06368053899225126,0.032878525782999,1.9368428929127817,0.052764550926672156,-0.0007601874071983539,0.12812126539170088,8826,224,0.00435555339495497,0.12650777872780433
messaging,I_hedging,0.17827543296944498,0.04234157042650036,4.210411450820152,2.549060205816324e-05,0.09528747988463802,0.2612633860542519,8826,224,0.00435555339495497,0.0003024293910863939
messaging,I_denial:I_hedging,-0.09691075178914753,0.05654427891361014,-1.713891372409406,0.08654867786301167,-0.207735501991611,0.013913998413315962,8826,224,0.00435555339495497,0.31314885263162406
competing,intercept,0.019940308553314995,0.02677170106523626,0.7448278503007789,0.4563757962284679,-0.03253126133942067,0.07241187844605065,8826,224,0.0011262596954234594,
competing,I_denial,-0.0715210994865016,0.033074051052630636,-2.1624535613339377,0.030583232888427004,-0.13634504837249672,-0.006697150600506477,8826,224,0.0011262596954234594,0.08337073075064348
competing,I_hedging,0.017106326596818114,0.04043085641742929,0.42310077284051223,0.672221738541273,-0.06213669584545341,0.09634934903908964,8826,224,0.0011262596954234594,0.7688053216650191
competing,I_denial:I_hedging,0.03632982542609702,0.05312463238701088,0.6838602695908681,0.49406340429325124,-0.06779254074437444,0.14045219159656847,8826,224,0.0011262596954234594,0.7490458895696468
law,intercept,-0.048117616958747195,0.019342452467088912,-2.487668874493505,0.012858339025492365,-0.08602812716691938,-0.010207106750575012,8826,224,0.004567258822020914,
law,I_denial,0.12182043909039939,0.04283461139225496,2.8439720854436437,0.0044554951179550314,0.037866143469810556,0.20577473471098823,8826,224,0.004567258822020914,0.019703189521623362
law,I_hedging,-0.023788739296817733,0.03431522337740367,-0.6932415690606417,0.48815796509481235,-0.09104534123797584,0.043467862644340376,8826,224,0.004567258822020914,0.5959719941955071
law,I_denial:I_hedging,0.057117687276821455,0.05927918752732013,0.9635369454160873,0.33527813276439367,-0.05906738530952198,0.1733027598631649,8826,224,0.004567258822020914,0.6031912208375705
friends,intercept,-0.0001239535190788497,0.02954623909751024,-0.004195238475860531,0.9966526938100069,-0.058033518028808156,0.05778561099065045,8826,224,0.0019219762384065087,
friends,I_denial,-0.05041511896966743,0.0351117781960417,-1.4358463615309276,0.151046064216606,-0.11923293966706791,0.018402701727733055,8826,224,0.0019219762384065087,0.2732560616282236
friends,I_hedging,0.09355300889882087,0.0389327924660521,2.402936007747081,0.016264033227593386,0.017246137847786405,0.16985987994985535,8826,224,0.0019219762384065087,0.045585107215367376
friends,I_denial:I_hedging,-0.025244457194756858,0.04639105523890569,-0.5441664791790657,0.5863269166386236,-0.1161692546678202,0.06568034027830648,8826,224,0.0019219762384065087,0.7988159261846325
payment,intercept,-0.023291367837446852,0.02311300859514306,-1.0077168336423874,0.31359042130609416,-0.06859203225829197,0.02200929658339826,8826,224,0.0011116396823667163,
payment,I_denial,0.03612344413491226,0.03453945170448036,1.0458603814555176,0.2956254983729827,-0.031572637251629836,0.10381952552145435,8826,224,0.0011116396823667163,0.44567783466836025
payment,I_hedging,0.01000396549697513,0.034274889026989365,0.29187448248476083,0.7703825944156389,-0.05717358257003112,0.07718151356398138,8826,224,0.0011116396823667163,0.845682041051703
payment,I_denial:I_hedging,0.06231096705778264,0.05540035846730377,1.1247394201349326,0.26069947203465593,-0.046271740268741375,0.17089367438430667,8826,224,0.0011116396823667163,0.5293795401520054
achievement,intercept,0.04303022393071235,0.02548409980035639,1.6885126124843766,0.09131286993051359,-0.006917693856410556,0.09297814171783525,8826,224,0.0018635145960177457,
achievement,I_denial,-0.06728863400645839,0.04362730884481099,-1.5423512425626424,0.12298826301622803,-0.15279658808469368,0.0182193200717769,8826,224,0.0018635145960177457,0.23395405377310458
achievement,I_hedging,-0.08580184515578626,0.031621459108509394,-2.713405629428935,0.006659553351420474,-0.14777876614707072,-0.023824924164501805,8826,224,0.0018635145960177457,0.023336624957141335
achievement,I_denial:I_hedging,0.03725493302602424,0.050101466651672595,0.7435896694409547,0.4571247549066074,-0.06094213718388862,0.1354520032359371,8826,224,0.0018635145960177457,0.7194190374876438
alcohol,intercept,0.04921861061845566,0.025310792008118865,1.9445701502611201,0.051826734801865025,-0.00038963013764155285,0.09882685137455287,8826,224,0.002861408144768318,
alcohol,I_denial,-0.07610521882487159,0.03324285456787027,-2.2893707479149055,0.02205782025697261,-0.14126001652120013,-0.01095042112854304,8826,224,0.002861408144768318,0.0696747020815484
alcohol,I_hedging,-0.07457640261831218,0.04610368470669791,-1.6175800934947349,0.10575312197441686,-0.16493796419803017,0.01578515896140581,8826,224,0.002861408144768318,0.20023780136993574
alcohol,I_denial:I_hedging,-0.01314215125674548,0.05381874178931931,-0.24419283728691013,0.8070814741998951,-0.11862494685707206,0.09234064434358111,8826,224,0.002861408144768318,0.9095166837173003
liquid,intercept,0.02883296159303442,0.03103021073137237,0.9291900026925543,0.35279062753677604,-0.03198513387314372,0.08965105705921256,8826,224,0.0014001492581240393,
liquid,I_denial,-0.029848860606152536,0.039470166754228715,-0.7562385229333904,0.44950619980756557,-0.10720896590823102,0.04751124469592595,8826,224,0.0014001492581240393,0.5734085497545228
liquid,I_hedging,-0.054862005968981546,0.05174956200928996,-1.0601443536687876,0.2890789322002335,-0.1562892837229121,0.04656527178494901,8826,224,0.0014001492581240393,0.40799083338898207
liquid,I_denial:I_hedging,-0.03610164665195497,0.06088600417806449,-0.5929383466580219,0.5532224137553758,-0.1554360220035166,0.08323272869960668,8826,224,0.0014001492581240393,0.7807890804065234
feminine,intercept,0.06091605736256018,0.025228784727654992,2.4145458459513485,0.015754840121212053,0.011468547922642236,0.11036356680247812,8826,224,0.004104953156843227,
feminine,I_denial,-0.13189310859993045,0.03423115015310575,-3.853014228561173,0.00011667260771504789,-0.1989849300494005,-0.06480128715046042,8826,224,0.004104953156843227,0.0012898804964052517
feminine,I_hedging,-0.05296544731691009,0.040242576048414615,-1.3161544940162124,0.18812219373631844,-0.13183944701691694,0.02590855238309677,8826,224,0.004104953156843227,0.2913576988019771
feminine,I_denial:I_hedging,0.03240559346241354,0.05174085921896812,0.6263056692830045,0.5311144685024343,-0.0690046271359212,0.1338158140607483,8826,224,0.004104953156843227,0.7561177089110579
weapon,intercept,0.030306417043535268,0.021668891734690266,1.3986140784033256,0.1619287422821526,-0.012163830341355313,0.07277666442842584,8826,224,0.0010708194745270294,
weapon,I_denial,-0.04099739693306839,0.029929335993219206,-1.3698064314676666,0.1707473338913762,-0.09965781756097636,0.01766302369483958,8826,224,0.0010708194745270294,0.29662375730202123
weapon,I_hedging,-0.09233383915826929,0.03347752437539203,-2.758084442651923,0.005814117663073233,-0.15794858122559943,-0.026719097090939142,8826,224,0.0010708194745270294,0.021426100276880987
weapon,I_denial:I_hedging,0.07434484363079744,0.04656476825711914,1.5965900059951676,0.11035712811826179,-0.016920425101610015,0.1656101123632049,8826,224,0.0010708194745270294,0.3542107821860338
children,intercept,-0.007763056082514587,0.0357495900332714,-0.21715091208849313,0.8280907383292877,-0.0778309650097986,0.06230485284476942,8826,224,0.0033097192183060287,
children,I_denial,-0.056529834095781724,0.057415477811471174,-0.9845748263456495,0.3248329600047608,-0.16906210276142383,0.05600243456986038,8826,224,0.0033097192183060287,0.48240118687274175
children,I_hedging,0.07825916165084564,0.04936792330797319,1.5852228817209808,0.11291570343526167,-0.018500190024317298,0.17501851332600857,8826,224,0.0033097192183060287,0.20614885306070707
children,I_denial:I_hedging,0.10173693533255004,0.06489469245055757,1.5677235146782167,0.1169456714419075,-0.025454324658346128,0.22892819532344622,8826,224,0.0033097192183060287,0.3636279471396811
monster,intercept,0.04626570957786513,0.024933499339763424,1.855564232978784,0.06351569574958238,-0.0026030511366243944,0.09513447029235467,8826,224,0.0019419799343826094,
monster,I_denial,-0.09019221459912748,0.032080225217506184,-2.811458273363666,0.004931748708476848,-0.15306830064137322,-0.02731612855688173,8826,224,0.0019419799343826094,0.021335173760584625
monster,I_hedging,-0.08787087211108797,0.03521474782328604,-2.495286138411096,0.012585559553840261,-0.15689050956938888,-0.01885123465278707,8826,224,0.0019419799343826094,0.039133224237722065
monster,I_denial:I_hedging,0.0948907517552143,0.043004024750979954,2.2065551376805024,0.027345154120403396,0.010604412053024523,0.17917709145740407,8826,224,0.0019419799343826094,0.25041822246503714
ocean,intercept,0.005825502425172315,0.026379236732532983,0.22083665589868412,0.8252196208398908,-0.04587685151024838,0.057527856360593016,8826,224,0.0035358058317300767,
ocean,I_denial,0.06384765792142326,0.04244898997510465,1.5041031119672914,0.13255481915856868,-0.019350833609883655,0.14704614945273017,8826,224,0.0035358058317300767,0.2488529152127846
ocean,I_hedging,-0.1113879037861596,0.03957999174618713,-2.814247777019559,0.004889152775630232,-0.18896326211707898,-0.033812545455240234,8826,224,0.0035358058317300767,0.01876865804329357
ocean,I_denial:I_hedging,-0.036312284648617424,0.05581599454533697,-0.6505713092529865,0.515323255948855,-0.145709623718762,0.07308505442152714,8826,224,0.0035358058317300767,0.7501239719618461
giving,intercept,-0.000798542767305118,0.028462109904032664,-0.028056344733317754,0.9776172122101078,-0.05658325310322991,0.05498616756861968,8826,224,0.0004004891990890824,
giving,I_denial,0.02422429208877473,0.045521375641758816,0.5321520219295106,0.5946207094480025,-0.06499596469579144,0.1134445488733409,8826,224,0.0004004891990890824,0.6919855039775
giving,I_hedging,-0.041759893799458256,0.029736228404952457,-1.4043439951686443,0.16021643932071283,-0.10004183050922201,0.0165220429103055,8826,224,0.0004004891990890824,0.26569226187351547
giving,I_denial:I_hedging,0.012938514658452973,0.05133404134483988,0.25204551053242874,0.8010058867227685,-0.08767435755832328,0.11355138687522923,8826,224,0.0004004891990890824,0.9095166837173003
contentment,intercept,0.045104749483769774,0.033775780174452465,1.3354169541252043,0.18173991885764573,-0.021094563207899042,0.11130406217543859,8826,224,0.00838096918731246,
contentment,I_denial,-0.12907840547917596,0.04744034666838365,-2.720857129933233,0.006511289621341049,-0.22205977636330265,-0.03609703459504926,8826,224,0.00838096918731246,0.0269947215551431
contentment,I_hedging,0.0992303850588665,0.06224418385510793,1.5942113610141484,0.11088870275260597,-0.02276597354423454,0.22122674366196754,8826,224,0.00838096918731246,0.20432270229415359
contentment,I_denial:I_hedging,-0.17147649745665372,0.06908239530752526,-2.4822025451392316,0.013057303237431657,-0.3068755042251621,-0.03607749068814539,8826,224,0.00838096918731246,0.23621848584080904
writing,intercept,-0.06734919939731768,0.02761091637879387,-2.439223619866676,0.014718856887401103,-0.12146560107990076,-0.013232797714734602,8826,224,0.004449482062960031,
writing,I_denial,0.10538822914925648,0.043378100283528655,2.4295261539905204,0.015118574082657515,0.020368714875773616,0.19040774342273936,8826,224,0.004449482062960031,0.052782390218400796
writing,I_hedging,0.1474162786457638,0.040564920482308794,3.6340827713456285,0.0002789712998802946,0.06791049546470738,0.22692206182682018,8826,224,0.004449482062960031,0.001982688881292094
writing,I_denial:I_hedging,-0.08787881302314099,0.05991486646146158,-1.466728012815757,0.14245005930656904,-0.20530979342613248,0.029552167379850502,8826,224,0.004449482062960031,0.38993522785131307
rural,intercept,0.0012523949528124882,0.024975991716440007,0.05014395292212245,0.9600076744050151,-0.047699649289580655,0.050204439195205626,8826,224,0.0010425274218909264,
rural,I_denial,0.023071926030125034,0.03814150540767209,0.6049033928661914,0.5452431886579732,-0.05168405088505197,0.09782790294530204,8826,224,0.0010425274218909264,0.6472015568792212
rural,I_hedging,-0.07868558693805629,0.032430772424781075,-2.426263115396255,0.015255205752596692,-0.1422487328814419,-0.015122440994670666,8826,224,0.0010425274218909264,0.04336837063952488
rural,I_denial:I_hedging,0.08062038100355774,0.05752412687411692,1.4015055140251598,0.16106295982043528,-0.032124835911824065,0.19336559791893954,8826,224,0.0010425274218909264,0.4074996532816162
positive_emotion,intercept,-0.015369885249068373,0.028745855348551248,-0.5346817849983718,0.5928699191063154,-0.0717107264370269,0.04097095593889015,8826,224,0.005910935112156901,
positive_emotion,I_denial,-0.05611099124467868,0.04102673627554889,-1.367668899320166,0.17141573914438413,-0.13652191674797748,0.024299934258620107,8826,224,0.005910935112156901,0.29662375730202123
positive_emotion,I_hedging,0.19311829296815686,0.04584261727645518,4.212636721929544,2.524068381209786e-05,0.10326841414925104,0.2829681717870627,8826,224,0.005910935112156901,0.0003024293910863939
positive_emotion,I_denial:I_hedging,-0.085971698486894,0.06227497859932902,-1.3805175115358497,0.1674273616925559,-0.2080284136795815,0.036085016705793505,8826,224,0.005910935112156901,0.40916987721269604
musical,intercept,0.11653770901958288,0.032795767340372775,3.5534374850903623,0.00038023155703026157,0.05225918618709728,0.18081623185206847,8826,224,0.01308199523385889,
musical,I_denial,-0.21821721014898873,0.03727384199106575,-5.854432988187632,4.786401497737592e-09,-0.29127259801691435,-0.1451618222810631,8826,224,0.01308199523385889,9.524938980497807e-07
musical,I_hedging,-0.17551771063080185,0.04171670064673431,-4.207372776603843,2.5835676625470834e-05,-0.2572809414522399,-0.09375447980936383,8826,224,0.01308199523385889,0.0003024293910863939
musical,I_denial:I_hedging,0.10420008659555555,0.05312792602610615,1.9613053696911378,0.04984341128068834,7.126501107929117e-05,0.2083289081800318,8826,224,0.01308199523385889,0.26102207486465734
grief,intercept,0.02648561850816615,0.027091838205076612,0.9776235302927188,0.32826055517160535,-0.026613408648770272,0.07958464566510257,8826,224,0.0006685654654710049,
grief,I_denial,-0.0479077474040251,0.034967449778382814,-1.3700669539144399,0.17066600230931472,-0.11644268960086851,0.020627194792818306,8826,224,0.0006685654654710049,0.29662375730202123
grief,I_hedging,-0.04353950677504054,0.03311365432446308,-1.3148505552549434,0.1885601329118639,-0.10844107664749719,0.021362063097416117,8826,224,0.0006685654654710049,0.2913576988019771
grief,I_denial:I_hedging,0.025725248705918427,0.04562588030504689,0.5638301887859211,0.5728697043887139,-0.06369983345490886,0.11515033086674571,8826,224,0.0006685654654710049,0.7988159261846325
loss,intercept,-0.02240273821960871,0.032282921574623855,-0.6939501484654502,0.48771347260622777,-0.08567610182160255,0.04087062538238513,8826,224,0.0021982621497528276,
loss,I_denial,0.08960298462867003,0.055847149315477254,1.6044325579181857,0.10861873924505905,-0.01985541666889612,0.19906138592623618,8826,224,0.0021982621497528276,0.21434482521895956
loss,I_hedging,-0.04846986323134098,0.04380693032687088,-1.1064428132644093,0.26853490327175955,-0.13432986894526336,0.0373901424825814,8826,224,0.0021982621497528276,0.3900616478181033
loss,I_denial:I_hedging,-0.00897533104801301,0.06617115040013972,-0.13563812921097496,0.8921073612371925,-0.13866840264787006,0.12071774055184403,8826,224,0.0021982621497528276,0.934988354210313
dissolution_of_self,intercept,0.011393990350533572,0.03545622965322241,0.32135369332757124,0.7479423709079385,-0.05809894279736345,0.08088692349843059,8826,224,0.0019178873944104557,
dissolution_of_self,I_denial,-0.04595521004904519,0.04779465271175144,-0.9615136305352003,0.33629397531406413,-0.13963100801767764,0.04772058791958727,8826,224,0.0019178873944104557,0.488937666123182
dissolution_of_self,I_hedging,0.07622999591066235,0.05094209805718669,1.4964047186491596,0.1345482206622073,-0.023614681578331423,0.1760746733996561,8826,224,0.0019178873944104557,0.23081979234292463
dissolution_of_self,I_denial:I_hedging,-0.10926019853247292,0.061372270438223325,-1.7802860763062867,0.07502915464006102,-0.22954763824084287,0.01102724117589704,8826,224,0.0019178873944104557,0.30173217813290987
confinement,intercept,0.01278862100357485,0.028013816789935413,0.4565111958670854,0.6480224217803672,-0.04211745097420203,0.06769469298135174,8826,224,0.002398128394235477,
confinement,I_denial,0.03360276607832679,0.04104273765906125,0.8187262350153707,0.41294262499406187,-0.04683952156035904,0.11404505371701262,8826,224,0.002398128394235477,0.5539009767953487
confinement,I_hedging,-0.11699464139321182,0.03633683210521464,-3.2197259533921256,0.00128313195657851,-0.1882135236317113,-0.04577575915471237,8826,224,0.002398128394235477,0.007737674526034045
confinement,I_denial:I_hedging,0.02132668242218537,0.051748629179568725,0.4121207220423439,0.6802509409319913,-0.08009876701908786,0.1227521318634586,8826,224,0.002398128394235477,0.8254264466186968
liminality,intercept,-0.08371752788215389,0.02145217428198618,-3.902519473396838,9.519657662407352e-05,-0.1257630168649232,-0.04167203889938459,8826,224,0.0075351615519715365,
liminality,I_denial,0.19241536073934631,0.04742538463121983,4.057222987975105,4.96596638483036e-05,0.09946331490919606,0.28536740656949655,8826,224,0.0075351615519715365,0.0008235227588177014
liminality,I_hedging,0.0790206399810111,0.03620362120999905,2.1826722670268808,0.029059953655290342,0.008062846299482548,0.14997843366253966,8826,224,0.0075351615519715365,0.06967386478798528
liminality,I_denial:I_hedging,-0.09884397700847913,0.053522293891931284,-1.8467814030553031,0.06477882821162827,-0.20374574540663257,0.0060577913896743,8826,224,0.0075351615519715365,0.292976973048046
